"country","foi_structure","inf_prev_15to24","inf_prev_25to34","ARTI","cases","progression_structure","slow_structure","conditions_met"
"Kenya","1_2_4_3_1",0.242960967518398,0.391780286526266,0.0146367995863373,116.513514256271,"uniform","0.003",FALSE
"Kenya","2_2_4_3_1",0.272884935904618,0.413988296185812,0.0157826819799977,124.23925958269,"uniform","0.003",FALSE
"Kenya","3_2_4_3_1",0.300438191499008,0.435458877632631,0.0169323981460685,123.809885921627,"uniform","0.003",TRUE
"Kenya","1_3_4_3_1",0.321934314406227,0.47356563846469,0.0184773524797872,133.945367750328,"uniform","0.003",TRUE
"Kenya","2_3_4_3_1",0.347420887953531,0.493331257849847,0.019542415739757,139.792566193284,"uniform","0.003",TRUE
"Kenya","3_3_4_3_1",0.372907162797363,0.510074283566327,0.0206743898123329,146.584742581257,"uniform","0.003",TRUE
"Kenya","1_4_4_3_1",0.391398357749683,0.541135680412725,0.0219932354159994,155.4874064557,"uniform","0.003",TRUE
"Kenya","2_4_4_3_1",0.413147262404003,0.557123771191441,0.0231256618908168,158.277987444254,"uniform","0.003",TRUE
"Kenya","3_4_4_3_1",0.433347341451995,0.570180404095181,0.0241602267079619,158.375759254759,"uniform","0.003",TRUE
"Kenya","1_2_5_3_1",0.241961163836164,0.409545072555254,0.0152923741422862,125.129822366852,"uniform","0.003",FALSE
"Kenya","2_2_5_3_1",0.271688798626865,0.431193176885321,0.0164769817791044,130.636989153874,"uniform","0.003",TRUE
"Kenya","3_2_5_3_1",0.299951135852295,0.450291531408815,0.0175826504797789,129.606912710547,"uniform","0.003",TRUE
"Kenya","1_3_5_3_1",0.322776062458028,0.48995059579166,0.0191578949421059,140.866915248701,"uniform","0.003",TRUE
"Kenya","2_3_5_3_1",0.346690751008895,0.506257556444858,0.0202084513062844,145.935494088938,"uniform","0.003",TRUE
"Kenya","3_3_5_3_1",0.371164582662709,0.523359048653383,0.0212319279178039,146.539647411912,"uniform","0.003",TRUE
"Kenya","1_4_5_3_1",0.391489331846188,0.554092553389947,0.0226870355893488,159.299087304615,"uniform","0.003",TRUE
"Kenya","2_4_5_3_1",0.413237977916919,0.56903680317921,0.0236911275076651,158.097790420962,"uniform","0.003",TRUE
"Kenya","3_4_5_3_1",0.433047524503999,0.581700872632652,0.0246728527237575,164.848179530544,"uniform","0.003",TRUE
"Kenya","1_2_6_3_1",0.242510281398088,0.426601514155136,0.0159373456842147,127.866966323385,"uniform","0.003",FALSE
"Kenya","2_2_6_3_1",0.272601267928531,0.447059496711784,0.0170793646293589,129.545722707449,"uniform","0.003",TRUE
"Kenya","3_2_6_3_1",0.300462319390033,0.467830100525822,0.0182509233084363,137.843590197242,"uniform","0.003",TRUE
"Kenya","1_3_6_3_1",0.321513984520811,0.503915922656799,0.0197407227086485,141.705281611931,"uniform","0.003",TRUE
"Kenya","2_3_6_3_1",0.347667489288589,0.519308895997359,0.0207810143236349,143.227710611102,"uniform","0.003",TRUE
"Kenya","3_3_6_3_1",0.371768539273721,0.53615105315171,0.0218495229089584,149.645318224588,"uniform","0.003",TRUE
"Kenya","1_4_6_3_1",0.391015437086047,0.566874433809918,0.0232493202411803,157.552859643456,"uniform","0.003",TRUE
"Kenya","2_4_6_3_1",0.413063467489932,0.579680193343874,0.0242226903821609,163.37484019966,"uniform","0.003",TRUE
"Kenya","3_4_6_3_1",0.434680524586677,0.592064087450434,0.025214962857424,167.31415219639,"uniform","0.003",TRUE
"Kenya","1_2_4_4_1",0.243258462363791,0.389325423074766,0.0148830503576283,123.274313476276,"uniform","0.003",FALSE
"Kenya","2_2_4_4_1",0.272561043659453,0.412536732335461,0.0159968222570748,123.698746471632,"uniform","0.003",FALSE
"Kenya","3_2_4_4_1",0.301202808093707,0.434623208565779,0.0171913910228736,128.770041433271,"uniform","0.003",TRUE
"Kenya","1_3_4_4_1",0.321381785220768,0.474606015453814,0.0186753188590065,137.747303627412,"uniform","0.003",TRUE
"Kenya","2_3_4_4_1",0.345974327313998,0.49115655648835,0.0197759592343018,141.736023848148,"uniform","0.003",TRUE
"Kenya","3_3_4_4_1",0.369846314324713,0.510370340497057,0.0208109469023083,144.558165624421,"uniform","0.003",TRUE
"Kenya","1_4_4_4_1",0.391433920758478,0.541923066265172,0.0222972647888377,155.523430639206,"uniform","0.003",TRUE
"Kenya","2_4_4_4_1",0.412866232860675,0.557494716454817,0.0232807383555227,158.082784939159,"uniform","0.003",TRUE
"Kenya","3_4_4_4_1",0.433780904693219,0.570854247162339,0.0243161717481241,164.885957055188,"uniform","0.003",TRUE
"Kenya","1_2_5_4_1",0.242338292270667,0.40813196734287,0.0155481891757683,126.757224260402,"uniform","0.003",FALSE
"Kenya","2_2_5_4_1",0.271862786310112,0.43105781438248,0.0166930910715163,128.170675495683,"uniform","0.003",TRUE
"Kenya","3_2_5_4_1",0.298987783093768,0.451833692377139,0.01782019399554,125.919282109856,"uniform","0.003",TRUE
"Kenya","1_3_5_4_1",0.321032405610398,0.489032036142874,0.0193099213797812,143.154163660091,"uniform","0.003",TRUE
"Kenya","2_3_5_4_1",0.347417001609456,0.506121948209185,0.020405298036444,144.544682482624,"uniform","0.003",TRUE
"Kenya","3_3_5_4_1",0.372898143734499,0.5227444745263,0.0214869029034445,152.165358057091,"uniform","0.003",TRUE
"Kenya","1_4_5_4_1",0.391830553603167,0.55423627405428,0.0228748705880034,161.530353662209,"uniform","0.003",TRUE
"Kenya","2_4_5_4_1",0.413269113435723,0.568355227825456,0.0239134099276015,162.562348309232,"uniform","0.003",TRUE
"Kenya","3_4_5_4_1",0.434372030455918,0.581786555153389,0.0248679014412069,165.229252434523,"uniform","0.003",TRUE
"Kenya","1_2_6_4_1",0.242321605671271,0.425337226816474,0.016170635339129,132.152367303762,"uniform","0.003",TRUE
"Kenya","2_2_6_4_1",0.270464849310227,0.445363989674291,0.0172884830223923,134.031747927135,"uniform","0.003",TRUE
"Kenya","3_2_6_4_1",0.300379007862571,0.466872802259917,0.0184255106779112,135.286993707081,"uniform","0.003",TRUE
"Kenya","1_3_6_4_1",0.321825825856779,0.502129121377791,0.0198723046313563,146.083529386674,"uniform","0.003",TRUE
"Kenya","2_3_6_4_1",0.347029523934379,0.517393023174351,0.0209415369131837,145.034797598289,"uniform","0.003",TRUE
"Kenya","3_3_6_4_1",0.371151189736448,0.536050492997646,0.0220201511935675,149.319009667206,"uniform","0.003",TRUE
"Kenya","1_4_6_4_1",0.391928929500009,0.566260880988007,0.023401449942093,163.59119239279,"uniform","0.003",TRUE
"Kenya","2_4_6_4_1",0.41309720898868,0.578661927737468,0.0243311072961053,167.411719867691,"uniform","0.003",TRUE
"Kenya","3_4_6_4_1",0.435477967167754,0.592044234310375,0.0254208005567398,170.451614673433,"uniform","0.003",TRUE
"Kenya","1_2_4_5_1",0.24145140887643,0.391979980895695,0.015078176722373,121.115280835364,"uniform","0.003",FALSE
"Kenya","2_2_4_5_1",0.271293392918868,0.414706182060829,0.0162566878277057,128.974081440454,"uniform","0.003",TRUE
"Kenya","3_2_4_5_1",0.298444271999799,0.435177345916219,0.0173400072690075,130.056180636784,"uniform","0.003",TRUE
"Kenya","1_3_4_5_1",0.321272926031007,0.474030508334428,0.0188823706050207,140.309827344957,"uniform","0.003",TRUE
"Kenya","2_3_4_5_1",0.347911578539417,0.492458829441249,0.0199472534696501,146.520309583928,"uniform","0.003",TRUE
"Kenya","3_3_4_5_1",0.371837260505835,0.509601773417917,0.0210570312924562,144.777514977411,"uniform","0.003",TRUE
"Kenya","1_4_4_5_1",0.391886801449552,0.542966842576519,0.0225150062725408,157.783508890677,"uniform","0.003",TRUE
"Kenya","2_4_4_5_1",0.413435928366961,0.556941139008444,0.0234825533178203,161.906667270632,"uniform","0.003",TRUE
"Kenya","3_4_4_5_1",0.434916333068685,0.570527808911241,0.0245187168188268,167.277869293863,"uniform","0.003",TRUE
"Kenya","1_2_5_5_1",0.242147425687591,0.410083746774296,0.0157619415196488,129.848251779102,"uniform","0.003",FALSE
"Kenya","2_2_5_5_1",0.271175277044786,0.431153384769021,0.0168762200905365,128.561419826608,"uniform","0.003",TRUE
"Kenya","3_2_5_5_1",0.298370022830296,0.451773585477262,0.0180049545528678,134.311119146616,"uniform","0.003",TRUE
"Kenya","1_3_5_5_1",0.321503241017888,0.489780799076093,0.019481279963259,145.504187985136,"uniform","0.003",TRUE
"Kenya","2_3_5_5_1",0.347641909883416,0.505953224663359,0.0205666811232726,150.729382172538,"uniform","0.003",TRUE
"Kenya","3_3_5_5_1",0.372050093391439,0.523979257106804,0.0216048345459217,150.523104799714,"uniform","0.003",TRUE
"Kenya","1_4_5_5_1",0.39192071116181,0.554308072311279,0.0230481827184396,163.987078912128,"uniform","0.003",TRUE
"Kenya","2_4_5_5_1",0.413717995069459,0.567506840206799,0.0240546240396697,166.251040723223,"uniform","0.003",TRUE
"Kenya","3_4_5_5_1",0.435820064651219,0.581830338179032,0.0251148741122032,168.716594208282,"uniform","0.003",TRUE
"Kenya","1_2_6_5_1",0.241660775486468,0.425682368099021,0.0163969889127078,133.453453195457,"uniform","0.003",TRUE
"Kenya","2_2_6_5_1",0.272380386531913,0.4483423480918,0.017557319600813,133.901323664124,"uniform","0.003",TRUE
"Kenya","3_2_6_5_1",0.29737256201522,0.468488428245335,0.0186176803396113,140.837924383083,"uniform","0.003",TRUE
"Kenya","1_3_6_5_1",0.322528315161181,0.502395492779132,0.0201162009551588,148.148289785229,"uniform","0.003",TRUE
"Kenya","2_3_6_5_1",0.347760075338898,0.520286250872288,0.0211740084338831,155.327904777955,"uniform","0.003",TRUE
"Kenya","3_3_6_5_1",0.372164434767149,0.534954970331823,0.0221850153642318,153.794524753134,"uniform","0.003",TRUE
"Kenya","1_4_6_5_1",0.391780566966841,0.565688325470174,0.0235830327768692,166.011994534031,"uniform","0.003",TRUE
"Kenya","2_4_6_5_1",0.412960260378312,0.57863902513267,0.0245699873168707,164.352577193623,"uniform","0.003",TRUE
"Kenya","3_4_6_5_1",0.435881200214874,0.591417384492947,0.025600522312153,168.401446588334,"uniform","0.003",TRUE
"Kenya","1_2_4_3_2",0.242704103053912,0.3914286547251,0.0146527534262175,115.952668137806,"uniform","0.003",FALSE
"Kenya","2_2_4_3_2",0.271444906927214,0.413992783936125,0.0158287399730649,123.695410013471,"uniform","0.003",FALSE
"Kenya","3_2_4_3_2",0.299007350723439,0.434727240034788,0.0169091716061179,130.422320209913,"uniform","0.003",TRUE
"Kenya","1_3_4_3_2",0.322811306340718,0.475070201559842,0.0185199829645452,137.129846586407,"uniform","0.003",TRUE
"Kenya","2_3_4_3_2",0.34730048341024,0.492599921067618,0.0195820891931642,141.506963959222,"uniform","0.003",TRUE
"Kenya","3_3_4_3_2",0.373093186398354,0.508975564748192,0.0206618822068541,141.075705622849,"uniform","0.003",TRUE
"Kenya","1_4_4_3_2",0.391269817939522,0.542343110686266,0.0220689762286661,150.747831960934,"uniform","0.003",TRUE
"Kenya","2_4_4_3_2",0.412233133308752,0.55626046468472,0.0230558344424962,157.628170329839,"uniform","0.003",TRUE
"Kenya","3_4_4_3_2",0.435181916044365,0.57069712112356,0.0241998275955104,161.460007273576,"uniform","0.003",TRUE
"Kenya","1_2_5_3_2",0.242289620654077,0.410447050621069,0.0153901080616944,119.389082575155,"uniform","0.003",FALSE
"Kenya","2_2_5_3_2",0.271320224988262,0.430289281402094,0.0164917706451641,130.335619188216,"uniform","0.003",TRUE
"Kenya","3_2_5_3_2",0.299539298860389,0.450022199462168,0.0175813160398726,133.248109087035,"uniform","0.003",TRUE
"Kenya","1_3_5_3_2",0.323116174507327,0.489624177581506,0.0191405084949691,137.129846586407,"uniform","0.003",TRUE
"Kenya","2_3_5_3_2",0.347863289515241,0.505943213296399,0.0202015706327487,144.105653291193,"uniform","0.003",TRUE
"Kenya","3_3_5_3_2",0.372567946097358,0.522527410491434,0.0212737835605538,149.30277529905,"uniform","0.003",TRUE
"Kenya","1_4_5_3_2",0.391113598788086,0.553008579875532,0.0226043616435171,159.18791357784,"uniform","0.003",TRUE
"Kenya","2_4_5_3_2",0.412494613298783,0.568709275260077,0.0236861413682207,161.217528247103,"uniform","0.003",TRUE
"Kenya","3_4_5_3_2",0.434331603359005,0.581334609499585,0.0247601624281673,161.209763346656,"uniform","0.003",TRUE
"Kenya","1_2_6_3_2",0.242777487576378,0.42713755460283,0.0160166665063655,128.21996549822,"uniform","0.003",TRUE
"Kenya","2_2_6_3_2",0.270729659515474,0.44690277932692,0.0171573023614665,129.822934138105,"uniform","0.003",TRUE
"Kenya","3_2_6_3_2",0.299493570349359,0.466692563155209,0.0182012024142663,136.64037108843,"uniform","0.003",TRUE
"Kenya","1_3_6_3_2",0.322876184694483,0.50369823062494,0.0197341219613922,146.94000957019,"uniform","0.003",TRUE
"Kenya","2_3_6_3_2",0.348102814564177,0.520062181838018,0.0207847355874844,149.423256372265,"uniform","0.003",TRUE
"Kenya","3_3_6_3_2",0.371548359856031,0.53546713489195,0.0218484141817444,149.827219880375,"uniform","0.003",TRUE
"Kenya","1_4_6_3_2",0.390195424742606,0.565348292288993,0.0231751806989063,158.549374578372,"uniform","0.003",TRUE
"Kenya","2_4_6_3_2",0.412944933955376,0.579025974476109,0.0242331513804843,159.421595972655,"uniform","0.003",TRUE
"Kenya","3_4_6_3_2",0.434546876670349,0.591881285301914,0.0252520610056393,162.991355456865,"uniform","0.003",TRUE
"Kenya","1_2_4_4_2",0.241790108153336,0.3927758562387,0.0148901203964469,116.786977876343,"uniform","0.003",FALSE
"Kenya","2_2_4_4_2",0.270786451307332,0.413802387979021,0.0160366980855953,124.747683908758,"uniform","0.003",TRUE
"Kenya","3_2_4_4_2",0.299744391498863,0.434700596265684,0.0171565988206617,130.514695835177,"uniform","0.003",TRUE
"Kenya","1_3_4_4_2",0.322582948710079,0.473940198159943,0.018720508268097,134.57151645744,"uniform","0.003",TRUE
"Kenya","2_3_4_4_2",0.34694500708183,0.492228545854417,0.0197622239140797,145.822050448665,"uniform","0.003",TRUE
"Kenya","3_3_4_4_2",0.372379878077293,0.508159616555082,0.020843059416073,144.544201944139,"uniform","0.003",TRUE
"Kenya","1_4_4_4_2",0.391180934890942,0.54041682527598,0.0222585733859421,154.007375658277,"uniform","0.003",TRUE
"Kenya","2_4_4_4_2",0.412300359460819,0.556736887422266,0.0232882387802162,159.361193604293,"uniform","0.003",TRUE
"Kenya","3_4_4_4_2",0.434732680565957,0.569988056844751,0.0243584048655354,160.279545654153,"uniform","0.003",TRUE
"Kenya","1_2_5_4_2",0.242425240508404,0.410061510106307,0.0155993887238543,122.974777228056,"uniform","0.003",FALSE
"Kenya","2_2_5_4_2",0.271376999745247,0.429864668120527,0.0167110991909191,129.89138523162,"uniform","0.003",TRUE
"Kenya","3_2_5_4_2",0.299088258163896,0.45041379294061,0.0177964848462643,130.06911857126,"uniform","0.003",TRUE
"Kenya","1_3_5_4_2",0.322567629672957,0.489503950569691,0.0193637100085192,142.038524115915,"uniform","0.003",TRUE
"Kenya","2_3_5_4_2",0.3482875585553,0.506269196565995,0.0204439003143397,153.239416598204,"uniform","0.003",TRUE
"Kenya","3_3_5_4_2",0.371960686711913,0.522585570722151,0.0214960550211639,150.305872756049,"uniform","0.003",TRUE
"Kenya","1_4_5_4_2",0.391850203472275,0.554461664843293,0.0228595341841134,159.734238967988,"uniform","0.003",TRUE
"Kenya","2_4_5_4_2",0.414243901973963,0.568465763343008,0.0238851229319426,159.111547608896,"uniform","0.003",TRUE
"Kenya","3_4_5_4_2",0.43491740722332,0.582118469542597,0.0248950736222202,162.760640184392,"uniform","0.003",TRUE
"Kenya","1_2_6_4_2",0.243092471860025,0.427405983532547,0.0161908380864428,128.488681919705,"uniform","0.003",TRUE
"Kenya","2_2_6_4_2",0.271416371866759,0.448433554412296,0.0173182855325555,132.966896530888,"uniform","0.003",TRUE
"Kenya","3_2_6_4_2",0.297915293829344,0.466106358635753,0.0183873906539412,137.741046831956,"uniform","0.003",TRUE
"Kenya","1_3_6_4_2",0.322558478739158,0.502960866853995,0.0198769543999165,147.689859816816,"uniform","0.003",TRUE
"Kenya","2_3_6_4_2",0.348960788306242,0.519618699560839,0.0209910340377342,151.778229926981,"uniform","0.003",TRUE
"Kenya","3_3_6_4_2",0.372053916651326,0.536038308639082,0.0220830106833528,153.766676683419,"uniform","0.003",TRUE
"Kenya","1_4_6_4_2",0.391441957197347,0.564779024288131,0.0234100766321533,160.551547288201,"uniform","0.003",TRUE
"Kenya","2_4_6_4_2",0.415442596897451,0.580244324069926,0.0244113295250651,164.788122799431,"uniform","0.003",TRUE
"Kenya","3_4_6_4_2",0.436144591592627,0.591709455419112,0.0254186548831298,164.960307514814,"uniform","0.003",TRUE
"Kenya","1_2_4_5_2",0.241823344759581,0.392561165319012,0.0151614368539494,124.797889185387,"uniform","0.003",FALSE
"Kenya","2_2_4_5_2",0.27104160235519,0.414022393324681,0.0162492833236438,124.526804423495,"uniform","0.003",TRUE
"Kenya","3_2_4_5_2",0.30127927714511,0.435998608975909,0.0173667578209438,130.596060374282,"uniform","0.003",TRUE
"Kenya","1_3_4_5_2",0.321799228300669,0.473517443359125,0.0188912178327821,137.339159270542,"uniform","0.003",TRUE
"Kenya","2_3_4_5_2",0.348606567571244,0.49184848133346,0.0200269410432918,146.301498127341,"uniform","0.003",TRUE
"Kenya","3_3_4_5_2",0.373598567560897,0.50959605595797,0.0211274307804081,149.678289670449,"uniform","0.003",TRUE
"Kenya","1_4_4_5_2",0.390753485485141,0.542626324654458,0.0225164239618917,158.217904180155,"uniform","0.003",TRUE
"Kenya","2_4_4_5_2",0.413787618414009,0.557167846211877,0.0235524382596207,162.280690693923,"uniform","0.003",TRUE
"Kenya","3_4_4_5_2",0.435451792149084,0.571736167231279,0.0245298502300181,165.221324442439,"uniform","0.003",TRUE
"Kenya","1_2_5_5_2",0.241623267480138,0.411362133679748,0.0158177012547585,127.250845700522,"uniform","0.003",FALSE
"Kenya","2_2_5_5_2",0.271929750684603,0.431224256097353,0.0169668907636227,131.003038010134,"uniform","0.003",TRUE
"Kenya","3_2_5_5_2",0.299747503423974,0.451534072643656,0.0179957894404675,131.913949469005,"uniform","0.003",TRUE
"Kenya","1_3_5_5_2",0.322882499231584,0.489917341518738,0.0195847629579746,146.256586070567,"uniform","0.003",TRUE
"Kenya","2_3_5_5_2",0.34849376706008,0.507179271663777,0.020645331137788,148.221498094065,"uniform","0.003",TRUE
"Kenya","3_3_5_5_2",0.372667272713835,0.522667031421752,0.0216925693428886,155.053956223547,"uniform","0.003",TRUE
"Kenya","1_4_5_5_2",0.392019109588869,0.555374647341581,0.0231378618232024,162.285934068139,"uniform","0.003",TRUE
"Kenya","2_4_5_5_2",0.414712207302189,0.570285887442269,0.0241244179428753,160.696844361136,"uniform","0.003",TRUE
"Kenya","3_4_5_5_2",0.436319321254772,0.582809479160857,0.0251281650040315,167.824699339795,"uniform","0.003",TRUE
"Kenya","1_2_6_5_2",0.24182659542328,0.427873100906018,0.0163912011676495,127.562546096987,"uniform","0.003",TRUE
"Kenya","2_2_6_5_2",0.272244273749058,0.447395283288909,0.0175383794223677,129.954629692504,"uniform","0.003",TRUE
"Kenya","3_2_6_5_2",0.297737327124395,0.46755948825594,0.0186014036168406,139.721466483528,"uniform","0.003",TRUE
"Kenya","1_3_6_5_2",0.324247797788879,0.503273958348311,0.0201762196998642,152.186542705791,"uniform","0.003",TRUE
"Kenya","2_3_6_5_2",0.346560521925455,0.520610936963835,0.0211744038510328,146.591413820298,"uniform","0.003",TRUE
"Kenya","3_3_6_5_2",0.372925911486193,0.536508349876184,0.0222491091240366,150.904673827018,"uniform","0.003",TRUE
"Kenya","1_4_6_5_2",0.393045049873253,0.565985156038071,0.0236085646802539,166.593681499391,"uniform","0.003",TRUE
"Kenya","2_4_6_5_2",0.413985262087189,0.579974744285301,0.0246308040037191,165.394240536286,"uniform","0.003",TRUE
"Kenya","3_4_6_5_2",0.435405572018112,0.593795304741038,0.0256595137286441,172.150826735075,"uniform","0.003",TRUE
"Kenya","1_2_4_3_3",0.242010993014581,0.39330867468491,0.0146636633951231,118.884174734289,"uniform","0.003",FALSE
"Kenya","2_2_4_3_3",0.271191609158006,0.413662243344609,0.0157831774730919,118.801684692403,"uniform","0.003",FALSE
"Kenya","3_2_4_3_3",0.29965797351543,0.436004234738397,0.016933552676687,123.379314045831,"uniform","0.003",TRUE
"Kenya","1_3_4_3_3",0.324068582332805,0.475961633611162,0.0185375396256678,138.715841405891,"uniform","0.003",TRUE
"Kenya","2_3_4_3_3",0.348040299288856,0.492548506892631,0.0196322939203445,140.221013090661,"uniform","0.003",TRUE
"Kenya","3_3_4_3_3",0.372632250203087,0.511002085411351,0.0206955906978958,145.631458078572,"uniform","0.003",TRUE
"Kenya","1_4_4_3_3",0.392241063162154,0.5430544518749,0.0221927760615641,156.734993072091,"uniform","0.003",TRUE
"Kenya","2_4_4_3_3",0.414347394675131,0.557475985541876,0.0232090128104459,156.759869048892,"uniform","0.003",TRUE
"Kenya","3_4_4_3_3",0.434734828590897,0.571060822853126,0.0242061725000073,167.009297214033,"uniform","0.003",TRUE
"Kenya","1_2_5_3_3",0.242296827644535,0.41374618923961,0.0153555121091305,120.843003314526,"uniform","0.003",FALSE
"Kenya","2_2_5_3_3",0.271303456378212,0.433863777212394,0.016486198871374,127.56247734913,"uniform","0.003",TRUE
"Kenya","3_2_5_3_3",0.298472872181459,0.45156013429004,0.0176173040611025,132.697199020128,"uniform","0.003",TRUE
"Kenya","1_3_5_3_3",0.322322766160284,0.49114794508718,0.0192076325174844,144.45671065032,"uniform","0.003",TRUE
"Kenya","2_3_5_3_3",0.349613970789687,0.506247073560192,0.0202385036775545,145.352422676859,"uniform","0.003",TRUE
"Kenya","3_3_5_3_3",0.372717306728189,0.524283402385132,0.0213557808454554,154.753204589702,"uniform","0.003",TRUE
"Kenya","1_4_5_3_3",0.391742066614215,0.555583034541764,0.0227096885233782,158.054631756585,"uniform","0.003",TRUE
"Kenya","2_4_5_3_3",0.413741021767009,0.5685424722438,0.0237764942922934,162.826147287016,"uniform","0.003",TRUE
"Kenya","3_4_5_3_3",0.435476088177942,0.580675960741775,0.0248072974714646,164.133857141861,"uniform","0.003",TRUE
"Kenya","1_2_6_3_3",0.241004844598298,0.428143448313321,0.0159915408583304,125.900566380408,"uniform","0.003",FALSE
"Kenya","2_2_6_3_3",0.27080892244105,0.449832823512344,0.0171079243594912,131.679440394276,"uniform","0.003",TRUE
"Kenya","3_2_6_3_3",0.298570499868819,0.468388262329881,0.0182308029860059,134.980090657996,"uniform","0.003",TRUE
"Kenya","1_3_6_3_3",0.323229724497595,0.503363813408372,0.0197556107357866,149.765667903201,"uniform","0.003",TRUE
"Kenya","2_3_6_3_3",0.348623547425122,0.52000790880996,0.0208377370716571,145.344639708954,"uniform","0.003",TRUE
"Kenya","3_3_6_3_3",0.373033648715261,0.536407439165182,0.0218925525767157,146.836432635745,"uniform","0.003",TRUE
"Kenya","1_4_6_3_3",0.392942953874097,0.565844486348097,0.0233500102634597,159.727912849622,"uniform","0.003",TRUE
"Kenya","2_4_6_3_3",0.411817386619767,0.579224708837634,0.0242556624046634,163.768030458659,"uniform","0.003",TRUE
"Kenya","3_4_6_3_3",0.435965589597661,0.593274235772747,0.0253096267682425,168.253016093274,"uniform","0.003",TRUE
"Kenya","1_2_4_4_3",0.241011636529892,0.391791300713359,0.014863993321711,122.752130262754,"uniform","0.003",FALSE
"Kenya","2_2_4_4_3",0.269453673369934,0.414838127575971,0.0160427236827166,125.469210548086,"uniform","0.003",TRUE
"Kenya","3_2_4_4_3",0.299743950784018,0.435164933614223,0.0171951645787426,127.699274416861,"uniform","0.003",TRUE
"Kenya","1_3_4_4_3",0.322879270556135,0.475419237265605,0.0187369009361272,140.039547266987,"uniform","0.003",TRUE
"Kenya","2_3_4_4_3",0.347975177221589,0.493272381366353,0.0198532894547063,142.938999864841,"uniform","0.003",TRUE
"Kenya","3_3_4_4_3",0.373087220462464,0.510183377387961,0.0209173053517402,145.758145419477,"uniform","0.003",TRUE
"Kenya","1_4_4_4_3",0.391839633798268,0.544000734035275,0.0223531959093378,156.458556943125,"uniform","0.003",TRUE
"Kenya","2_4_4_4_3",0.415048568744645,0.559064927517399,0.0234182733519513,162.074695808799,"uniform","0.003",TRUE
"Kenya","3_4_4_4_3",0.435299686755216,0.572092834161095,0.0244558303642531,165.796797953453,"uniform","0.003",TRUE
"Kenya","1_2_5_4_3",0.242696068008362,0.410949742242013,0.0155834440984569,125.040723368606,"uniform","0.003",FALSE
"Kenya","2_2_5_4_3",0.270872505021193,0.431887490051359,0.0167182274361539,125.767386764676,"uniform","0.003",TRUE
"Kenya","3_2_5_4_3",0.299802449845854,0.451878077471037,0.0178323096550927,134.321946322404,"uniform","0.003",TRUE
"Kenya","1_3_5_4_3",0.323946009985614,0.489142905047804,0.0193823296275311,145.294858251699,"uniform","0.003",TRUE
"Kenya","2_3_5_4_3",0.349261865019192,0.507976992303691,0.020460635655628,146.173257949879,"uniform","0.003",TRUE
"Kenya","3_3_5_4_3",0.372648579401865,0.523136720808714,0.0215411205751969,152.772190344445,"uniform","0.003",TRUE
"Kenya","1_4_5_4_3",0.392623151758633,0.555739068765173,0.0229863134532305,160.915479835186,"uniform","0.003",TRUE
"Kenya","2_4_5_4_3",0.413320821361613,0.569433577834003,0.023979236650161,161.54569324396,"uniform","0.003",TRUE
"Kenya","3_4_5_4_3",0.436088714519897,0.583373498729624,0.025021023649504,170.643042667029,"uniform","0.003",TRUE
"Kenya","1_2_6_4_3",0.242641901980704,0.428936102836898,0.0162270414124029,126.61300749025,"uniform","0.003",TRUE
"Kenya","2_2_6_4_3",0.271657088450186,0.44925558296682,0.0173603389645612,132.014526512517,"uniform","0.003",TRUE
"Kenya","3_2_6_4_3",0.299217424269352,0.468944144654878,0.0184534005720896,138.5025297317,"uniform","0.003",TRUE
"Kenya","1_3_6_4_3",0.323195248402551,0.503857566159608,0.019981825280016,146.636329795514,"uniform","0.003",TRUE
"Kenya","2_3_6_4_3",0.346925597169594,0.521513296517433,0.0210028083862285,150.653507489278,"uniform","0.003",TRUE
"Kenya","3_3_6_4_3",0.372735681282334,0.53611443949941,0.0220497286352144,149.162778101775,"uniform","0.003",TRUE
"Kenya","1_4_6_4_3",0.393382822654278,0.566678602901064,0.0234862142873168,163.77602347341,"uniform","0.003",TRUE
"Kenya","2_4_6_4_3",0.413274043826333,0.579836675189207,0.0244464450341573,163.679563262771,"uniform","0.003",TRUE
"Kenya","3_4_6_4_3",0.434696523710591,0.592885201817367,0.0254909753070663,171.168460461856,"uniform","0.003",TRUE
"Kenya","1_2_4_5_3",0.242399612015522,0.392609951603384,0.0151159688818893,118.351082810592,"uniform","0.003",FALSE
"Kenya","2_2_4_5_3",0.272651425568257,0.414835728369176,0.0163191818981882,127.962239890344,"uniform","0.003",TRUE
"Kenya","3_2_4_5_3",0.299609367966961,0.436054758282589,0.0174065242223396,126.564905349519,"uniform","0.003",TRUE
"Kenya","1_3_4_5_3",0.322072321443651,0.473859529917973,0.0189129220995656,136.494690086596,"uniform","0.003",TRUE
"Kenya","2_3_4_5_3",0.348026619773437,0.492598457171084,0.02007731496133,142.700185482018,"uniform","0.003",TRUE
"Kenya","3_3_4_5_3",0.371031726383053,0.510504236698535,0.0211006823045336,148.359243045627,"uniform","0.003",TRUE
"Kenya","1_4_4_5_3",0.392987074394311,0.542252716981201,0.0225427728015837,159.672995579209,"uniform","0.003",TRUE
"Kenya","2_4_4_5_3",0.415148885817916,0.558056508787812,0.0236253579838841,160.8613661162,"uniform","0.003",TRUE
"Kenya","3_4_4_5_3",0.435599451574168,0.574058128320827,0.0246264712052812,163.585000455312,"uniform","0.003",TRUE
"Kenya","1_2_5_5_3",0.24096960227969,0.411859465228322,0.0157877651367613,122.587382528653,"uniform","0.003",FALSE
"Kenya","2_2_5_5_3",0.271395413927647,0.431923999195328,0.0169359800973007,129.716884935505,"uniform","0.003",TRUE
"Kenya","3_2_5_5_3",0.299119839012747,0.45167413730649,0.0180375829648664,132.060282465041,"uniform","0.003",TRUE
"Kenya","1_3_5_5_3",0.322539425617734,0.490703601100697,0.0195482161890115,142.292455047107,"uniform","0.003",TRUE
"Kenya","2_3_5_5_3",0.348463789356667,0.507465460551245,0.0206476672169518,146.205290455525,"uniform","0.003",TRUE
"Kenya","3_3_5_5_3",0.3721704655145,0.521895731508206,0.0216760347134685,149.122823169032,"uniform","0.003",TRUE
"Kenya","1_4_5_5_3",0.391550160393876,0.556366062135194,0.0231262707113694,160.119360037821,"uniform","0.003",TRUE
"Kenya","2_4_5_5_3",0.41327164536889,0.568732901888475,0.024122774865955,162.442435124978,"uniform","0.003",TRUE
"Kenya","3_4_5_5_3",0.434801080255297,0.584033486996327,0.0250986938047817,162.103457874953,"uniform","0.003",TRUE
"Kenya","1_2_6_5_3",0.242265527894072,0.428604561383879,0.0164095812099808,127.709207899944,"uniform","0.003",TRUE
"Kenya","2_2_6_5_3",0.272204756700286,0.448271237935595,0.0175318520822416,134.974646901438,"uniform","0.003",TRUE
"Kenya","3_2_6_5_3",0.298555462677108,0.467076118487598,0.0186617631290324,134.849063207338,"uniform","0.003",TRUE
"Kenya","1_3_6_5_3",0.323626546401416,0.504227501476606,0.0201172928286076,144.878336339093,"uniform","0.003",TRUE
"Kenya","2_3_6_5_3",0.347373966505723,0.520831675864114,0.0211773908306922,144.300421213304,"uniform","0.003",TRUE
"Kenya","3_3_6_5_3",0.371525195898741,0.536802892159262,0.0222549521956875,152.436716280994,"uniform","0.003",TRUE
"Kenya","1_4_6_5_3",0.392736068358309,0.566089303993786,0.0236083939914778,160.01061821614,"uniform","0.003",TRUE
"Kenya","2_4_6_5_3",0.412518839977132,0.580290711685435,0.0245357419355023,168.43540868056,"uniform","0.003",TRUE
"Kenya","3_4_6_5_3",0.434839223877692,0.592004021276187,0.025646044315303,166.325881608505,"uniform","0.003",TRUE
