"p_slow_structure","mu_slow","foi_structure","n_fast_med","n_slow_med","n_overall_med","exp_cases_med","exp_cases_lo","exp_cases_hi","conditions_met"
"Vynnycky-1997",1e-04,"base",4,3285,4008,5,3,7.6,FALSE
"Vynnycky-1997",1e-04,"decr",2,3287,4128,3,3,5,FALSE
"Vynnycky-1997",1e-04,"incr",4,3284,3968,5.5,3,6,FALSE
"Vynnycky-1997",1e-04,"max",1,3288,3702,2,1.9,3.1,FALSE
"Vynnycky-1997",1e-04,"min",2,3286,4874,3.5,2.9,5.1,FALSE
"Vynnycky-1997",0.001,"base",4,3286,4104,13.4,10.8,15.8,FALSE
"Vynnycky-1997",0.001,"decr",2,3287,4196,11.9,9.9,13,FALSE
"Vynnycky-1997",0.001,"incr",4,3285,4056,13.9,11.9,14.9,FALSE
"Vynnycky-1997",0.001,"max",1,3288,3778,10.9,10.8,13,FALSE
"Vynnycky-1997",0.001,"min",2,3286,4987,12.4,10.9,14,FALSE
"Vynnycky-1997",0.00527,"base",3,3286,4518,55,53,57,TRUE
"Vynnycky-1997",0.00527,"decr",2,3287,4610,54,52,56.3,TRUE
"Vynnycky-1997",0.00527,"incr",4,3285,4460,55.9,52.9,56.9,TRUE
"Vynnycky-1997",0.00527,"max",2,3287,4186,54,52,55.4,TRUE
"Vynnycky-1997",0.00527,"min",2,3287,5510,54,53,55.1,TRUE
"uniform_0.5",1e-04,"base",24,3265,7474,25,20.9,34.7,FALSE
"uniform_0.5",1e-04,"decr",18,3271,7628,19,16.7,22.1,FALSE
"uniform_0.5",1e-04,"incr",22,3267,7444,23,18.6,28.4,FALSE
"uniform_0.5",1e-04,"max",14,3274,6964,15.5,10.9,20,FALSE
"uniform_0.5",1e-04,"min",20,3269,9010,21,17,23.1,FALSE
"uniform_0.5",0.001,"base",22,3266,7650,32.3,26.8,36.3,FALSE
"uniform_0.5",0.001,"decr",20,3269,7829,29.8,24.7,32.8,FALSE
"uniform_0.5",0.001,"incr",26,3264,7552,35.3,24.8,42.8,FALSE
"uniform_0.5",0.001,"max",15,3274,7052,24.8,22.6,27.9,FALSE
"uniform_0.5",0.001,"min",21,3268,9256,30.8,28.7,37.8,FALSE
"uniform_0.5",0.00527,"base",28,3262,8350,79.1,75.6,83.6,FALSE
"uniform_0.5",0.00527,"decr",19,3270,8570,70.7,67.6,74.6,FALSE
"uniform_0.5",0.00527,"incr",28,3261,8291,79.6,75.2,83.5,FALSE
"uniform_0.5",0.00527,"max",14,3276,7856,65.3,61.5,70.8,FALSE
"uniform_0.5",0.00527,"min",24,3265,10112,75.6,70.5,82.5,FALSE
"uniform_0.55",1e-04,"base",18,3270,6724,19.5,17.7,22.8,FALSE
"uniform_0.55",1e-04,"decr",14,3274,6960,15.5,13.8,18.3,FALSE
"uniform_0.55",1e-04,"incr",17,3272,6720,18,15.9,22.1,FALSE
"uniform_0.55",1e-04,"max",12,3277,6311,13,7,15.8,FALSE
"uniform_0.55",1e-04,"min",21,3268,8278,22,18.3,25.4,FALSE
"uniform_0.55",0.001,"base",20,3269,6938,29.8,23.5,35.1,FALSE
"uniform_0.55",0.001,"decr",18,3271,7082,27.8,24.4,34,FALSE
"uniform_0.55",0.001,"incr",19,3270,6860,28.8,22.8,32.1,FALSE
"uniform_0.55",0.001,"max",10,3279,6488,19.8,16.7,23.9,FALSE
"uniform_0.55",0.001,"min",16,3273,8464,25.8,24.7,30.8,FALSE
"uniform_0.55",0.00527,"base",22,3266,7627,74.1,70.5,80.6,FALSE
"uniform_0.55",0.00527,"decr",18,3272,7807,69.2,66.4,73.9,FALSE
"uniform_0.55",0.00527,"incr",24,3266,7516,75.1,70.7,77.8,FALSE
"uniform_0.55",0.00527,"max",14,3276,7170,65.3,59.6,67.8,FALSE
"uniform_0.55",0.00527,"min",18,3271,9214,69.7,67.5,71.9,FALSE
"uniform_0.6",1e-04,"base",14,3276,6280,14.5,8.7,17.5,FALSE
"uniform_0.6",1e-04,"decr",12,3277,6398,13,9.8,19.4,FALSE
"uniform_0.6",1e-04,"incr",14,3274,6181,15.5,13.8,22.2,FALSE
"uniform_0.6",1e-04,"max",10,3279,5775,11,6,15.1,FALSE
"uniform_0.6",1e-04,"min",12,3276,7543,13.5,8.9,17,FALSE
"uniform_0.6",0.001,"base",15,3274,6379,24.8,22.2,29.9,FALSE
"uniform_0.6",0.001,"decr",14,3274,6464,24.3,19.7,29,FALSE
"uniform_0.6",0.001,"incr",17,3272,6252,26.8,22.7,31.9,FALSE
"uniform_0.6",0.001,"max",11,3278,5923,20.8,17.6,24.8,FALSE
"uniform_0.6",0.001,"min",12,3277,7746,21.8,18.7,29.8,FALSE
"uniform_0.6",0.00527,"base",18,3272,6990,69.2,61.8,70.8,FALSE
"uniform_0.6",0.00527,"decr",15,3274,7180,66.8,63.6,73,FALSE
"uniform_0.6",0.00527,"incr",18,3272,6964,69.2,62.8,71.2,FALSE
"uniform_0.6",0.00527,"max",12,3278,6590,63.3,59.7,63.9,FALSE
"uniform_0.6",0.00527,"min",14,3274,8506,66.3,64.6,70.8,FALSE
"uniform_0.65",1e-04,"base",13,3276,5727,14,10.7,16.2,FALSE
"uniform_0.65",1e-04,"decr",10,3279,5876,11,7.8,13.6,FALSE
"uniform_0.65",1e-04,"incr",12,3277,5703,13,9.8,16,FALSE
"uniform_0.65",1e-04,"max",9,3280,5358,10,4.8,12.1,FALSE
"uniform_0.65",1e-04,"min",12,3277,6984,13,10.5,18.1,FALSE
"uniform_0.65",0.001,"base",10,3279,5908,19.8,13.8,22.8,FALSE
"uniform_0.65",0.001,"decr",11,3278,6006,20.8,18.7,24.8,FALSE
"uniform_0.65",0.001,"incr",14,3276,5822,23.3,19.3,26.9,FALSE
"uniform_0.65",0.001,"max",7,3282,5494,16.8,14.7,21,FALSE
"uniform_0.65",0.001,"min",12,3278,7136,21.3,19.8,23.3,FALSE
"uniform_0.65",0.00527,"base",12,3276,6466,64.3,62.7,67.8,FALSE
"uniform_0.65",0.00527,"decr",10,3279,6642,61.8,60.7,64,TRUE
"uniform_0.65",0.00527,"incr",15,3274,6444,66.8,63.7,68.8,FALSE
"uniform_0.65",0.00527,"max",10,3279,6040,61.8,56.9,65.8,TRUE
"uniform_0.65",0.00527,"min",12,3277,7846,63.8,62.7,68,FALSE
"uniform_0.7",1e-04,"base",10,3279,5314,11,8.9,12.1,FALSE
"uniform_0.7",1e-04,"decr",9,3280,5484,10,5,14.2,FALSE
"uniform_0.7",1e-04,"incr",12,3276,5328,13.5,8.6,16.5,FALSE
"uniform_0.7",1e-04,"max",4,3284,4967,5.5,4,7.1,FALSE
"uniform_0.7",1e-04,"min",8,3281,6502,9,5.9,11.4,FALSE
"uniform_0.7",0.001,"base",9,3280,5467,18.8,14.9,23.9,FALSE
"uniform_0.7",0.001,"decr",9,3280,5602,18.8,13.6,23,FALSE
"uniform_0.7",0.001,"incr",8,3280,5380,18.3,14.6,22.1,FALSE
"uniform_0.7",0.001,"max",6,3282,5082,16.3,11.9,18.3,FALSE
"uniform_0.7",0.001,"min",10,3279,6640,19.8,16.7,23.8,FALSE
"uniform_0.7",0.00527,"base",10,3279,6009,61.8,59.9,65.9,TRUE
"uniform_0.7",0.00527,"decr",8,3280,6179,60.4,56.9,64,TRUE
"uniform_0.7",0.00527,"incr",11,3278,5932,62.8,59.8,65.2,FALSE
"uniform_0.7",0.00527,"max",6,3282,5644,58.4,55.8,60.1,TRUE
"uniform_0.7",0.00527,"min",7,3282,7281,58.9,57.9,61.4,TRUE
"uniform_0.75",1e-04,"base",8,3280,5033,9.5,4,11.1,FALSE
"uniform_0.75",1e-04,"decr",5,3284,5120,6,4,11,FALSE
"uniform_0.75",1e-04,"incr",7,3282,4964,8,5,11.1,FALSE
"uniform_0.75",1e-04,"max",3,3286,4648,4,2.9,8.1,FALSE
"uniform_0.75",1e-04,"min",8,3282,6088,8.5,5,12.1,FALSE
"uniform_0.75",0.001,"base",8,3281,5112,17.8,12.8,19.9,FALSE
"uniform_0.75",0.001,"decr",6,3283,5218,15.8,14.8,19,FALSE
"uniform_0.75",0.001,"incr",10,3280,5059,19.3,15.7,21.8,FALSE
"uniform_0.75",0.001,"max",4,3285,4734,13.9,10.9,15.9,FALSE
"uniform_0.75",0.001,"min",6,3284,6250,15.4,13.9,18.2,FALSE
"uniform_0.75",0.00527,"base",10,3279,5626,61.8,57.8,64.8,TRUE
"uniform_0.75",0.00527,"decr",8,3281,5768,59.9,56.7,63,TRUE
"uniform_0.75",0.00527,"incr",9,3280,5547,60.9,58.6,64,TRUE
"uniform_0.75",0.00527,"max",4,3284,5266,56.4,54.7,57.9,TRUE
"uniform_0.75",0.00527,"min",6,3283,6842,57.9,55,61.2,TRUE
"uniform_0.8",1e-04,"base",6,3282,4721,7.5,2.9,8.2,FALSE
"uniform_0.8",1e-04,"decr",4,3284,4848,5.5,4,9.1,FALSE
"uniform_0.8",1e-04,"incr",5,3284,4636,6,2,9.1,FALSE
"uniform_0.8",1e-04,"max",3,3286,4366,4,2,7,FALSE
"uniform_0.8",1e-04,"min",4,3285,5718,5,3.7,6,FALSE
"uniform_0.8",0.001,"base",8,3282,4793,17.3,14.9,18.8,FALSE
"uniform_0.8",0.001,"decr",6,3283,4910,15.8,12.8,17,FALSE
"uniform_0.8",0.001,"incr",7,3282,4772,16.8,13.8,19,FALSE
"uniform_0.8",0.001,"max",4,3284,4406,14.4,11.8,17.1,FALSE
"uniform_0.8",0.001,"min",4,3286,5822,13.4,12.8,17.9,FALSE
"uniform_0.8",0.00527,"base",7,3282,5278,58.9,55.6,61,TRUE
"uniform_0.8",0.00527,"decr",7,3282,5372,58.9,55.8,61,TRUE
"uniform_0.8",0.00527,"incr",5,3284,5164,56.9,55.9,61,TRUE
"uniform_0.8",0.00527,"max",3,3286,4928,55,53.8,57,TRUE
"uniform_0.8",0.00527,"min",6,3283,6391,57.9,55,60.2,TRUE
"uniform_0.85",1e-04,"base",4,3286,4398,4.5,2,6.6,FALSE
"uniform_0.85",1e-04,"decr",3,3286,4517,4,3,6,FALSE
"uniform_0.85",1e-04,"incr",4,3285,4369,5,4,9.3,FALSE
"uniform_0.85",1e-04,"max",2,3287,4103,3,2,5.3,FALSE
"uniform_0.85",1e-04,"min",4,3285,5372,5,2,8,FALSE
"uniform_0.85",0.001,"base",3,3286,4493,12.9,9.9,13.9,FALSE
"uniform_0.85",0.001,"decr",4,3286,4630,13.4,11.9,15.9,FALSE
"uniform_0.85",0.001,"incr",4,3286,4472,13.4,12.8,17,FALSE
"uniform_0.85",0.001,"max",1,3288,4199,10.9,9.9,14,FALSE
"uniform_0.85",0.001,"min",5,3284,5525,14.9,12.7,16,FALSE
"uniform_0.85",0.00527,"base",6,3284,4970,57.4,55.9,58.9,TRUE
"uniform_0.85",0.00527,"decr",3,3286,5112,55,54.8,61,TRUE
"uniform_0.85",0.00527,"incr",5,3284,4921,56.9,52.9,60,TRUE
"uniform_0.85",0.00527,"max",2,3287,4630,54,52.9,56.1,TRUE
"uniform_0.85",0.00527,"min",4,3284,6003,56.4,54.8,59,TRUE
"uniform_0.9",1e-04,"base",1,3288,4176,2,2,6,FALSE
"uniform_0.9",1e-04,"decr",2,3287,4274,3,2.9,4,FALSE
"uniform_0.9",1e-04,"incr",2,3288,4123,2.5,2,4,FALSE
"uniform_0.9",1e-04,"max",2,3288,3854,2.5,1.9,4,FALSE
"uniform_0.9",1e-04,"min",2,3287,5072,3,1.9,5.1,FALSE
"uniform_0.9",0.001,"base",2,3287,4250,11.9,10.9,12.2,FALSE
"uniform_0.9",0.001,"decr",3,3286,4360,12.9,9.9,16,FALSE
"uniform_0.9",0.001,"incr",3,3286,4222,12.9,10.9,15.2,FALSE
"uniform_0.9",0.001,"max",2,3286,3979,12.4,9.9,13.9,FALSE
"uniform_0.9",0.001,"min",1,3288,5236,10.9,9.9,12,FALSE
"uniform_0.9",0.00527,"base",3,3286,4675,55,53.9,56.3,TRUE
"uniform_0.9",0.00527,"decr",2,3287,4786,54,52.9,55.1,TRUE
"uniform_0.9",0.00527,"incr",3,3286,4638,55,52.9,57,TRUE
"uniform_0.9",0.00527,"max",1,3288,4399,53,52,55,TRUE
"uniform_0.9",0.00527,"min",2,3287,5729,54,52,56.1,TRUE
"uniform_0.95",1e-04,"base",0,3288,3940,1.5,1,3,FALSE
"uniform_0.95",1e-04,"decr",1,3288,4049,2,1,3,FALSE
"uniform_0.95",1e-04,"incr",1,3288,3918,2,2,3,FALSE
"uniform_0.95",1e-04,"max",0,3288,3673,1.5,1,3,FALSE
"uniform_0.95",1e-04,"min",1,3288,4800,2,1,2.4,FALSE
"uniform_0.95",0.001,"base",2,3288,4038,11.4,10.9,13.9,FALSE
"uniform_0.95",0.001,"decr",1,3288,4154,10.9,9.9,12,FALSE
"uniform_0.95",0.001,"incr",1,3288,3996,10.9,9.9,13,FALSE
"uniform_0.95",0.001,"max",0,3288,3755,10.4,9.9,12.9,FALSE
"uniform_0.95",0.001,"min",1,3288,4882,10.9,9.9,11.9,FALSE
"uniform_0.95",0.00527,"base",1,3288,4429,53,52,54.2,TRUE
"uniform_0.95",0.00527,"decr",1,3288,4576,53,52,54.2,TRUE
"uniform_0.95",0.00527,"incr",1,3288,4403,53,52,54,TRUE
"uniform_0.95",0.00527,"max",0,3288,4138,52.5,52,54,TRUE
"uniform_0.95",0.00527,"min",1,3288,5422,53,52,53.2,TRUE
"uniform_1",1e-04,"base",0,3289,3760,1,1,1,FALSE
"uniform_1",1e-04,"decr",0,3289,3847,1,1,1,FALSE
"uniform_1",1e-04,"incr",0,3289,3722,1,1,1,FALSE
"uniform_1",1e-04,"max",0,3289,3488,1,1,1,FALSE
"uniform_1",1e-04,"min",0,3289,4556,1,1,1,FALSE
"uniform_1",0.001,"base",0,3289,3837,9.9,9.9,9.9,FALSE
"uniform_1",0.001,"decr",0,3289,3932,9.9,9.9,9.9,FALSE
"uniform_1",0.001,"incr",0,3289,3805,9.9,9.9,9.9,FALSE
"uniform_1",0.001,"max",0,3289,3572,9.9,9.9,9.9,FALSE
"uniform_1",0.001,"min",0,3289,4674,9.9,9.9,9.9,FALSE
"uniform_1",0.00527,"base",0,3289,4213,52,52,52,TRUE
"uniform_1",0.00527,"decr",0,3289,4316,52,52,52,TRUE
"uniform_1",0.00527,"incr",0,3289,4190,52,52,52,TRUE
"uniform_1",0.00527,"max",0,3289,3947,52,52,52,TRUE
"uniform_1",0.00527,"min",0,3289,5080,52,52,52,TRUE
