"progression_structure","slow_structure","foi_structure","inf_prev_age20","inf_prev_age30","inf_prev_age40","inf_prev_age60","ARTI1","cases_min1","cases_max1","ARTI2","cases2","conditions_met"
"uniform","base","base",0.753403036058394,0.877543571747018,0.939189937374782,0.985004423179522,0.0607521133450618,88.8967128873064,95.599968490823,0.060740451402274,91.485323050469,FALSE
"uniform","base","min",0.632120558828558,0.727468206965987,0.753403036058394,0.798103482005345,0.037434330914109,72.7038510268423,77.0709635810307,0.0140876850756421,45.9514572376839,FALSE
"uniform","base","max",0.864664716763387,0.950212931632136,0.981684361111266,0.997521247823334,0.083057524635169,92.8010845854736,96.9601520477548,0.0830458591773693,94.1590115384485,FALSE
"uniform","base","incr",0.753403036058394,0.883515842226503,0.952641075608859,0.992916591070948,0.0624893936555697,89.5295573042035,97.7964177159539,0.0682091292965457,92.4898093589299,FALSE
"uniform","base","decr",0.753403036058394,0.864664716763387,0.899741156277196,0.93279448726025,0.0562813058602001,85.772825367987,92.6851970385543,0.0363501588646752,79.6175983735116,FALSE
"uniform","min","base",0.753403036058394,0.877543571747018,0.939189937374782,0.985004423179522,0.0606932473602373,16.480774290117,20.9801001828413,0.060740451402274,18.3151827399304,FALSE
"uniform","min","min",0.632120558828558,0.727468206965987,0.753403036058394,0.798103482005345,0.037422021078806,12.3123044181642,17.2818052594172,0.0140876850756421,14.1996654197978,FALSE
"uniform","min","max",0.864664716763387,0.950212931632136,0.981684361111266,0.997521247823334,0.0830038312342077,13.5576490832449,19.7572502453597,0.0830458591773693,15.4794704435189,FALSE
"uniform","min","incr",0.753403036058394,0.883515842226503,0.952641075608859,0.992916591070948,0.062517835137429,15.7035014079395,22.6406057344302,0.0682091292965458,17.0174030698802,FALSE
"uniform","min","decr",0.753403036058394,0.864664716763387,0.899741156277196,0.93279448726025,0.0562922348401656,14.516461497346,21.8293843803065,0.0363501588646752,20.1368479009663,FALSE
"uniform","max","base",0.753403036058394,0.877543571747018,0.939189937374782,0.985004423179522,0.0607437873330635,397.774595094794,403.987727161132,0.060740451402274,400.30427684853,TRUE
"uniform","max","min",0.632120558828558,0.727468206965987,0.753403036058394,0.798103482005345,0.0374427168712217,326.702797170045,330.554309084344,0.0140876850756421,184.167454524311,TRUE
"uniform","max","max",0.864664716763387,0.950212931632136,0.981684361111266,0.997521247823334,0.083070287773589,421.057421803099,427.964352563084,0.0830458591773693,423.337713596385,FALSE
"uniform","max","incr",0.753403036058394,0.883515842226503,0.952641075608859,0.992916591070948,0.0624539058173896,401.680271400645,407.483315896204,0.0682091292965457,409.086283803417,FALSE
"uniform","max","decr",0.753403036058394,0.864664716763387,0.899741156277196,0.93279448726025,0.0562783507694167,385.864308105106,393.107553333173,0.0363501588646752,334.983202624246,TRUE
"Vynnycky-1997","base","base",0.753403036058394,0.877543571747018,0.939189937374782,0.985004423179522,0.0607452369801293,100.285367480969,121.716491158024,0.060740451402274,101.398990970991,FALSE
"Vynnycky-1997","base","min",0.632120558828558,0.727468206965987,0.753403036058394,0.798103482005345,0.037439205098207,78.6071696260112,92.2320143216094,0.0140876850756421,61.3228678041355,FALSE
"Vynnycky-1997","base","max",0.864664716763387,0.950212931632136,0.981684361111266,0.997521247823334,0.0829864330547557,99.0459611216357,110.729934655465,0.0830458591773692,97.311145537159,FALSE
"Vynnycky-1997","base","incr",0.753403036058394,0.883515842226503,0.952641075608859,0.992916591070948,0.0625264584151285,101.900185466195,118.488160291439,0.0682091292965457,99.3347558617963,FALSE
"Vynnycky-1997","base","decr",0.753403036058394,0.864664716763387,0.899741156277196,0.93279448726025,0.0562280402649095,95.1612151244497,112.618389761777,0.0363501588646752,97.0970133412015,FALSE
"Vynnycky-1997","min","base",0.753403036058394,0.877543571747018,0.939189937374782,0.985004423179522,0.0608195562821947,29.5527663102473,43.1647688278219,0.060740451402274,35.0994799178525,FALSE
"Vynnycky-1997","min","min",0.632120558828558,0.727468206965987,0.753403036058394,0.798103482005345,0.0374031704094329,20.3605848440534,32.9322583517998,0.0140876850756421,32.5282378656384,FALSE
"Vynnycky-1997","min","max",0.864664716763387,0.950212931632136,0.981684361111266,0.997521247823334,0.0830887144229824,22.6825459882367,32.7113030134062,0.0830458591773692,26.0142937030152,FALSE
"Vynnycky-1997","min","incr",0.753403036058394,0.883515842226503,0.952641075608859,0.992916591070948,0.0624850601474048,29.809165567936,46.1503233779921,0.0682091292965457,30.9510882386373,FALSE
"Vynnycky-1997","min","decr",0.753403036058394,0.864664716763387,0.899741156277196,0.93279448726025,0.0563380633423616,22.970530298948,41.7280627184283,0.0363501588646752,43.190002562457,FALSE
"Vynnycky-1997","max","base",0.753403036058394,0.877543571747018,0.939189937374782,0.985004423179522,0.0607412228642503,404.162675959912,421.185851708911,0.060740451402274,381.235996302584,TRUE
"Vynnycky-1997","max","min",0.632120558828558,0.727468206965987,0.753403036058394,0.798103482005345,0.0374592555656604,329.865885583851,345.208453970166,0.0140876850756421,186.673440246398,TRUE
"Vynnycky-1997","max","max",0.864664716763387,0.950212931632136,0.981684361111266,0.997521247823334,0.0830171600536097,425.724380876903,436.625702019718,0.0830458591773692,395.622115248093,FALSE
"Vynnycky-1997","max","incr",0.753403036058394,0.883515842226503,0.952641075608859,0.992916591070948,0.0625159132702192,407.27825819086,425.108340746984,0.0682091292965457,386.212464094364,FALSE
"Vynnycky-1997","max","decr",0.753403036058394,0.864664716763387,0.899741156277196,0.93279448726025,0.0563063122572322,392.036885907516,407.581538569082,0.0363501588646752,328.54467066153,TRUE
