"parameter","direction","sigma","n_overall","n_tested","n_enrolled"
"baseline","baseline",0.5,63324,56626,372
"baseline","baseline",2,33388.5,29857,733
"baseline","baseline",50,7141.5,6396.5,4514.5
"mu_fast","high",0.5,66662,59629,393.5
"mu_fast","high",2,38944.5,34797,845
"mu_fast","high",50,7247,6485,4578.5
"mu_fast","low",0.5,60900.5,54573.5,361
"mu_fast","low",2,28381,25422,635
"mu_fast","low",50,6542.5,5845,4134
"mu_revert","high",0.5,62165,55638,367
"mu_revert","high",2,33830.5,30267,734.5
"mu_revert","high",50,6920,6202,4386
"mu_revert","low",0.5,64447.5,57600.5,376
"mu_revert","low",2,32666,29186.5,712
"mu_revert","low",50,7278.5,6512,4590.5
"mu_slow","high",0.5,63016,55884,374
"mu_slow","high",2,31421.5,27867.5,698
"mu_slow","high",50,6217.5,5519,3878
"mu_slow","low",0.5,64536.5,58250.5,380
"mu_slow","low",2,34064,30714,743
"mu_slow","low",50,8414.5,7574.5,5370
"p_revert","high",0.5,64053.5,57357,378
"p_revert","high",2,34019.5,30435,742.5
"p_revert","high",50,7224,6460.5,4507.5
"p_revert","low",0.5,63205.5,56465.5,376.5
"p_revert","low",2,33231,29693,727.5
"p_revert","low",50,7086.5,6334,4570
"p_slow","high",0.5,53002.5,46784.5,299.5
"p_slow","high",2,28685.5,25296.5,606.5
"p_slow","high",50,6957.5,6153.5,4327
"p_slow","low",0.5,80475,72850,474
"p_slow","low",2,40401,36586.5,916.5
"p_slow","low",50,7006.5,6350,4511.5
"rho","high",0.5,71449,63578,369.5
"rho","high",2,37695,33541,758
"rho","high",50,6754,6028,4574
"rho","low",0.5,58319,52552,372
"rho","low",2,30754,27680.5,712
"rho","low",50,7359.5,6644,4228.5
