"sigma","metric","casetarget","mean_val","sd_val","cv"
2,"Contacted",5,539.48,198.012454153773,0.367043178901485
2,"Contacted",50,667.048,100.103807719787,0.150069871613117
2,"Contacted",500,671.3596,32.2559116876271,0.0480456549479997
2,"Enrolled",5,12.84,5.78342459101872,0.450422475936037
2,"Enrolled",50,14.428,2.06570084959076,0.143173055835234
2,"Enrolled",500,14.8048,0.623523215285525,0.0421162876422191
2,"Tested",5,481.44,178.802539131859,0.371391116508514
2,"Tested",50,595.804,90.2965153258973,0.151554060271326
2,"Tested",500,600.384,29.2363986496285,0.0486961655367707
50,"Contacted",5,131.08,39.5526484574674,0.301744342824744
50,"Contacted",50,142.188,23.7987041664037,0.167374913258529
50,"Contacted",500,147.3588,11.504334191947,0.0780702217441168
50,"Enrolled",5,83.56,26.1148999615162,0.312528721415943
50,"Enrolled",50,89.064,15.090933702061,0.16943920890664
50,"Enrolled",500,93.1816,7.3638790593002,0.0790271798219842
50,"Tested",5,117.84,36.2025965919573,0.307218233129305
50,"Tested",50,127.04,21.5991064629998,0.170018155407744
50,"Tested",500,131.8176,10.2568048046163,0.0778105867851964
