"sigma","casetarget","rep","n_overall","n_tested","n_enrolled","n_trial_cases","n_overall_1","n_tested_1","n_enrolled_1"
2,5,1,5272,4701,104,5,1054.4,940.2,20.8
2,5,2,2615,2359,58,5,523,471.8,11.6
2,5,3,3493,3159,77,5,698.6,631.8,15.4
2,5,4,1838,1653,37,5,367.6,330.6,7.4
2,5,5,2110,1873,53,5,422,374.6,10.6
2,5,6,3260,2915,79,5,652,583,15.8
2,5,7,3192,2865,83,5,638.4,573,16.6
2,5,8,1572,1385,30,5,314.4,277,6
2,5,9,3693,3306,68,5,738.6,661.2,13.6
2,5,10,3461,3077,74,5,692.2,615.4,14.8
2,5,11,4768,4267,92,5,953.6,853.4,18.4
2,5,12,4172,3701,66,5,834.4,740.2,13.2
2,5,13,2145,1909,44,5,429,381.8,8.8
2,5,14,7538,6795,151,5,1507.6,1359,30.2
2,5,15,5084,4547,91,5,1016.8,909.4,18.2
2,5,16,2856,2572,74,5,571.2,514.4,14.8
2,5,17,2078,1878,47,5,415.6,375.6,9.4
2,5,18,1927,1697,43,5,385.4,339.4,8.6
2,5,19,1279,1146,30,5,255.8,229.2,6
2,5,20,3775,3393,90,5,755,678.6,18
2,5,21,5668,5023,107,5,1133.6,1004.6,21.4
2,5,22,5420,4834,118,5,1084,966.8,23.6
2,5,23,3872,3441,89,5,774.4,688.2,17.8
2,5,24,3924,3477,101,5,784.8,695.4,20.2
2,5,25,2924,2603,52,5,584.8,520.6,10.4
2,5,26,5522,4938,123,5,1104.4,987.6,24.6
2,5,27,5393,4848,122,5,1078.6,969.6,24.4
2,5,28,2621,2343,53,5,524.2,468.6,10.6
2,5,29,6518,5806,148,5,1303.6,1161.2,29.6
2,5,30,1971,1766,40,5,394.2,353.2,8
2,5,31,3058,2754,61,5,611.6,550.8,12.2
2,5,32,3975,3553,92,5,795,710.6,18.4
2,5,33,2860,2588,67,5,572,517.6,13.4
2,5,34,3766,3399,74,5,753.2,679.8,14.8
2,5,35,2739,2461,54,5,547.8,492.2,10.8
2,5,36,2389,2134,67,5,477.8,426.8,13.4
2,5,37,5176,4637,115,5,1035.2,927.4,23
2,5,38,5873,5269,138,5,1174.6,1053.8,27.6
2,5,39,2515,2273,58,5,503,454.6,11.6
2,5,40,3692,3294,84,5,738.4,658.8,16.8
2,5,41,4414,3901,93,5,882.8,780.2,18.6
2,5,42,1906,1683,53,5,381.2,336.6,10.6
2,5,43,4494,4034,95,5,898.8,806.8,19
2,5,44,3436,3044,69,5,687.2,608.8,13.8
2,5,45,5546,4981,124,5,1109.2,996.2,24.8
2,5,46,2861,2534,62,5,572.2,506.8,12.4
2,5,47,4363,3892,87,5,872.6,778.4,17.4
2,5,48,2630,2343,52,5,526,468.6,10.4
2,5,49,3829,3444,96,5,765.8,688.8,19.2
2,5,50,3936,3534,81,5,787.2,706.8,16.2
2,5,51,4611,4119,121,5,922.2,823.8,24.2
2,5,52,6469,5799,128,5,1293.8,1159.8,25.6
2,5,53,4693,4232,93,5,938.6,846.4,18.6
2,5,54,3514,3126,75,5,702.8,625.2,15
2,5,55,3684,3300,81,5,736.8,660,16.2
2,5,56,6743,6029,118,5,1348.6,1205.8,23.6
2,5,57,1030,931,26,5,206,186.2,5.2
2,5,58,4406,3946,109,5,881.2,789.2,21.8
2,5,59,3948,3521,96,5,789.6,704.2,19.2
2,5,60,4266,3813,78,5,853.2,762.6,15.6
2,5,61,1594,1455,40,5,318.8,291,8
2,5,62,4901,4381,110,5,980.2,876.2,22
2,5,63,3125,2806,65,5,625,561.2,13
2,5,64,3265,2910,86,5,653,582,17.2
2,5,65,4452,3969,99,5,890.4,793.8,19.8
2,5,66,1999,1818,50,5,399.8,363.6,10
2,5,67,4750,4250,98,5,950,850,19.6
2,5,68,5612,5026,107,5,1122.4,1005.2,21.4
2,5,69,3457,3115,90,5,691.4,623,18
2,5,70,2972,2637,73,5,594.4,527.4,14.6
2,5,71,5354,4790,116,5,1070.8,958,23.2
2,5,72,4337,3896,84,5,867.4,779.2,16.8
2,5,73,1888,1707,41,5,377.6,341.4,8.2
2,5,74,4327,3868,92,5,865.4,773.6,18.4
2,5,75,2415,2160,60,5,483,432,12
2,5,76,1017,926,30,5,203.4,185.2,6
2,5,77,1637,1458,55,5,327.4,291.6,11
2,5,78,2943,2625,85,5,588.6,525,17
2,5,79,4972,4413,101,5,994.4,882.6,20.2
2,5,80,6524,5836,130,5,1304.8,1167.2,26
2,5,81,5142,4583,105,5,1028.4,916.6,21
2,5,82,3370,3046,71,5,674,609.2,14.2
2,5,83,5800,5184,134,5,1160,1036.8,26.8
2,5,84,2751,2473,63,5,550.2,494.6,12.6
2,5,85,4368,3863,82,5,873.6,772.6,16.4
2,5,86,3942,3501,87,5,788.4,700.2,17.4
2,5,87,3379,3013,73,5,675.8,602.6,14.6
2,5,88,2081,1864,44,5,416.2,372.8,8.8
2,5,89,4581,4088,101,5,916.2,817.6,20.2
2,5,90,3968,3560,79,5,793.6,712,15.8
2,5,91,3580,3214,69,5,716,642.8,13.8
2,5,92,1482,1340,28,5,296.4,268,5.6
2,5,93,2340,2090,51,5,468,418,10.2
2,5,94,558,500,17,5,111.6,100,3.4
2,5,95,1121,1006,23,5,224.2,201.2,4.6
2,5,96,3467,3085,83,5,693.4,617,16.6
2,5,97,3273,2923,80,5,654.6,584.6,16
2,5,98,1920,1715,51,5,384,343,10.2
2,5,99,1368,1224,28,5,273.6,244.8,5.6
2,5,100,2496,2218,58,5,499.2,443.6,11.6
2,50,1,31364,28014,719,50,627.28,560.28,14.38
2,50,2,29235,26166,621,50,584.7,523.32,12.42
2,50,3,30189,27026,647,50,603.78,540.52,12.94
2,50,4,32843,29372,704,50,656.86,587.44,14.08
2,50,5,23878,21428,533,50,477.56,428.56,10.66
2,50,6,32826,29344,703,50,656.52,586.88,14.06
2,50,7,31040,27738,692,50,620.8,554.76,13.84
2,50,8,36118,32286,780,50,722.36,645.72,15.6
2,50,9,36601,32737,832,50,732.02,654.74,16.64
2,50,10,40698,36426,889,50,813.96,728.52,17.78
2,50,11,37851,33848,836,50,757.02,676.96,16.72
2,50,12,31172,27861,661,50,623.44,557.22,13.22
2,50,13,38119,34072,836,50,762.38,681.44,16.72
2,50,14,33222,29673,722,50,664.44,593.46,14.44
2,50,15,36169,32395,832,50,723.38,647.9,16.64
2,50,16,27684,24752,596,50,553.68,495.04,11.92
2,50,17,34154,30566,760,50,683.08,611.32,15.2
2,50,18,31771,28367,726,50,635.42,567.34,14.52
2,50,19,31967,28719,675,50,639.34,574.38,13.5
2,50,20,39787,35511,867,50,795.74,710.22,17.34
2,50,21,36512,32727,790,50,730.24,654.54,15.8
2,50,22,28698,25652,642,50,573.96,513.04,12.84
2,50,23,25455,22770,588,50,509.1,455.4,11.76
2,50,24,33515,30047,761,50,670.3,600.94,15.22
2,50,25,37036,33057,840,50,740.72,661.14,16.8
2,50,26,30112,27057,667,50,602.24,541.14,13.34
2,50,27,29943,26837,682,50,598.86,536.74,13.64
2,50,28,23315,20842,505,50,466.3,416.84,10.1
2,50,29,32019,28626,719,50,640.38,572.52,14.38
2,50,30,39156,35129,878,50,783.12,702.58,17.56
2,50,31,37601,33587,773,50,752.02,671.74,15.46
2,50,32,34615,30992,720,50,692.3,619.84,14.4
2,50,33,33733,30145,739,50,674.66,602.9,14.78
2,50,34,32819,29386,736,50,656.38,587.72,14.72
2,50,35,26599,23688,530,50,531.98,473.76,10.6
2,50,36,26039,23358,552,50,520.78,467.16,11.04
2,50,37,37045,33176,825,50,740.9,663.52,16.5
2,50,38,30032,26851,681,50,600.64,537.02,13.62
2,50,39,37067,33229,772,50,741.34,664.58,15.44
2,50,40,34084,30511,801,50,681.68,610.22,16.02
2,50,41,27202,24402,601,50,544.04,488.04,12.02
2,50,42,30986,27684,688,50,619.72,553.68,13.76
2,50,43,23627,21028,520,50,472.54,420.56,10.4
2,50,44,29721,26592,634,50,594.42,531.84,12.68
2,50,45,35517,31827,783,50,710.34,636.54,15.66
2,50,46,39178,34969,867,50,783.56,699.38,17.34
2,50,47,46815,41892,1019,50,936.3,837.84,20.38
2,50,48,33189,29667,707,50,663.78,593.34,14.14
2,50,49,35017,31286,796,50,700.34,625.72,15.92
2,50,50,32746,29319,727,50,654.92,586.38,14.54
2,50,51,31592,28253,670,50,631.84,565.06,13.4
2,50,52,39996,35724,900,50,799.92,714.48,18
2,50,53,36305,32411,821,50,726.1,648.22,16.42
2,50,54,32499,29095,711,50,649.98,581.9,14.22
2,50,55,37731,33720,820,50,754.62,674.4,16.4
2,50,56,29875,26608,685,50,597.5,532.16,13.7
2,50,57,29545,26434,652,50,590.9,528.68,13.04
2,50,58,39630,35486,822,50,792.6,709.72,16.44
2,50,59,31925,28558,696,50,638.5,571.16,13.92
2,50,60,34383,30754,761,50,687.66,615.08,15.22
2,50,61,23356,20879,527,50,467.12,417.58,10.54
2,50,62,30570,27365,638,50,611.4,547.3,12.76
2,50,63,31315,28035,683,50,626.3,560.7,13.66
2,50,64,36103,32282,838,50,722.06,645.64,16.76
2,50,65,30090,26876,664,50,601.8,537.52,13.28
2,50,66,30797,27507,655,50,615.94,550.14,13.1
2,50,67,38104,34143,795,50,762.08,682.86,15.9
2,50,68,26642,23845,583,50,532.84,476.9,11.66
2,50,69,34971,31334,797,50,699.42,626.68,15.94
2,50,70,25416,22710,533,50,508.32,454.2,10.66
2,50,71,32845,29358,705,50,656.9,587.16,14.1
2,50,72,28418,25440,688,50,568.36,508.8,13.76
2,50,73,37366,33315,807,50,747.32,666.3,16.14
2,50,74,39244,34953,848,50,784.88,699.06,16.96
2,50,75,36535,32770,825,50,730.7,655.4,16.5
2,50,76,38378,34268,850,50,767.56,685.36,17
2,50,77,37943,33976,849,50,758.86,679.52,16.98
2,50,78,40764,36471,864,50,815.28,729.42,17.28
2,50,79,29285,26170,647,50,585.7,523.4,12.94
2,50,80,31801,28375,656,50,636.02,567.5,13.12
2,50,81,32741,29226,735,50,654.82,584.52,14.7
2,50,82,40243,36116,852,50,804.86,722.32,17.04
2,50,83,33173,29668,734,50,663.46,593.36,14.68
2,50,84,34703,31006,808,50,694.06,620.12,16.16
2,50,85,25784,23104,551,50,515.68,462.08,11.02
2,50,86,35420,31741,769,50,708.4,634.82,15.38
2,50,87,29798,26589,676,50,595.96,531.78,13.52
2,50,88,26736,23945,593,50,534.72,478.9,11.86
2,50,89,33501,30022,689,50,670.02,600.44,13.78
2,50,90,20989,18786,518,50,419.78,375.72,10.36
2,50,91,30154,26950,655,50,603.08,539,13.1
2,50,92,47369,42313,1025,50,947.38,846.26,20.5
2,50,93,47174,42143,995,50,943.48,842.86,19.9
2,50,94,33823,30258,725,50,676.46,605.16,14.5
2,50,95,28413,25377,648,50,568.26,507.54,12.96
2,50,96,36311,32483,779,50,726.22,649.66,15.58
2,50,97,26585,23779,582,50,531.7,475.58,11.64
2,50,98,33262,29758,717,50,665.24,595.16,14.34
2,50,99,30588,27386,677,50,611.76,547.72,13.54
2,50,100,27233,24367,608,50,544.66,487.34,12.16
2,500,1,355270,317955,7710,500,710.54,635.91,15.42
2,500,2,328924,294404,7127,500,657.848,588.808,14.254
2,500,3,336313,300664,7374,500,672.626,601.328,14.748
2,500,4,343978,307953,7457,500,687.956,615.906,14.914
2,500,5,323198,289062,7110,500,646.396,578.124,14.22
2,500,6,350588,313694,7695,500,701.176,627.388,15.39
2,500,7,348492,311908,7650,500,696.984,623.816,15.3
2,500,8,357513,319918,7685,500,715.026,639.836,15.37
2,500,9,341224,304909,7493,500,682.448,609.818,14.986
2,500,10,321874,287819,7210,500,643.748,575.638,14.42
2,500,11,335683,300189,7390,500,671.366,600.378,14.78
2,500,12,339515,303620,7535,500,679.03,607.24,15.07
2,500,13,342382,306243,7551,500,684.764,612.486,15.102
2,500,14,323801,289748,7244,500,647.602,579.496,14.488
2,500,15,315340,282249,7008,500,630.68,564.498,14.016
2,500,16,334960,299580,7383,500,669.92,599.16,14.766
2,500,17,306677,274304,6744,500,613.354,548.608,13.488
2,500,18,352515,315422,7594,500,705.03,630.844,15.188
2,500,19,342939,306919,7509,500,685.878,613.838,15.018
2,500,20,321821,287699,6996,500,643.642,575.398,13.992
2,500,21,335446,300286,7279,500,670.892,600.572,14.558
2,500,22,330438,295712,7105,500,660.876,591.424,14.21
2,500,23,327226,293187,7322,500,654.452,586.374,14.644
2,500,24,316711,283130,6947,500,633.422,566.26,13.894
2,500,25,340459,304458,7360,500,680.918,608.916,14.72
2,500,26,338651,302854,7333,500,677.302,605.708,14.666
2,500,27,329632,295114,7221,500,659.264,590.228,14.442
2,500,28,316791,283254,7076,500,633.582,566.508,14.152
2,500,29,358839,321075,7822,500,717.678,642.15,15.644
2,500,30,335018,299623,7339,500,670.036,599.246,14.678
2,500,31,335999,300679,7357,500,671.998,601.358,14.714
2,500,32,325050,290586,7164,500,650.1,581.172,14.328
2,500,33,335927,300161,7350,500,671.854,600.322,14.7
2,500,34,313453,280131,6799,500,626.906,560.262,13.598
2,500,35,314714,281435,6958,500,629.428,562.87,13.916
2,500,36,336837,301240,7373,500,673.674,602.48,14.746
2,500,37,358850,321027,7655,500,717.7,642.054,15.31
2,500,38,336942,301187,7365,500,673.884,602.374,14.73
2,500,39,339692,304207,7363,500,679.384,608.414,14.726
2,500,40,368455,329316,8047,500,736.91,658.632,16.094
2,500,41,320062,286251,7087,500,640.124,572.502,14.174
2,500,42,317283,283609,7069,500,634.566,567.218,14.138
2,500,43,311725,278828,6870,500,623.45,557.656,13.74
2,500,44,352700,315667,7871,500,705.4,631.334,15.742
2,500,45,342583,306626,7322,500,685.166,613.252,14.644
2,500,46,344381,308145,7541,500,688.762,616.29,15.082
2,500,47,317337,283781,6978,500,634.674,567.562,13.956
2,500,48,325289,290927,7104,500,650.578,581.854,14.208
2,500,49,342851,306756,7455,500,685.702,613.512,14.91
2,500,50,315787,282284,6911,500,631.574,564.568,13.822
2,500,51,323092,288778,7129,500,646.184,577.556,14.258
2,500,52,336787,300859,7396,500,673.574,601.718,14.792
2,500,53,335038,299799,7232,500,670.076,599.598,14.464
2,500,54,325168,290669,7149,500,650.336,581.338,14.298
2,500,55,322801,288810,6964,500,645.602,577.62,13.928
2,500,56,348995,312047,7545,500,697.99,624.094,15.09
2,500,57,323935,289923,7108,500,647.87,579.846,14.216
2,500,58,329559,294624,7255,500,659.118,589.248,14.51
2,500,59,337528,301958,7403,500,675.056,603.916,14.806
2,500,60,319915,286051,6999,500,639.83,572.102,13.998
2,500,61,360944,323028,7879,500,721.888,646.056,15.758
2,500,62,354313,316697,7679,500,708.626,633.394,15.358
2,500,63,302065,270112,6674,500,604.13,540.224,13.348
2,500,64,336375,301194,7425,500,672.75,602.388,14.85
2,500,65,340956,305079,7475,500,681.912,610.158,14.95
2,500,66,331640,296533,7311,500,663.28,593.066,14.622
2,500,67,318335,284748,7164,500,636.67,569.496,14.328
2,500,68,326421,292149,7130,500,652.842,584.298,14.26
2,500,69,311625,278678,6926,500,623.25,557.356,13.852
2,500,70,351995,314796,7566,500,703.99,629.592,15.132
2,500,71,332158,296891,7253,500,664.316,593.782,14.506
2,500,72,321561,287727,7064,500,643.122,575.454,14.128
2,500,73,316936,283793,7052,500,633.872,567.586,14.104
2,500,74,337846,302065,7351,500,675.692,604.13,14.702
2,500,75,332881,297655,7162,500,665.762,595.31,14.324
2,500,76,328694,294368,7105,500,657.388,588.736,14.21
2,500,77,314741,281222,6771,500,629.482,562.444,13.542
2,500,78,327147,292763,7268,500,654.294,585.526,14.536
2,500,79,351350,313841,7842,500,702.7,627.682,15.684
2,500,80,359644,321710,7976,500,719.288,643.42,15.952
2,500,81,329332,294810,7209,500,658.664,589.62,14.418
2,500,82,341677,305594,7285,500,683.354,611.188,14.57
2,500,83,311727,278819,6828,500,623.454,557.638,13.656
2,500,84,331632,296781,7339,500,663.264,593.562,14.678
2,500,85,349086,312116,7600,500,698.172,624.232,15.2
2,500,86,330201,295393,7384,500,660.402,590.786,14.768
2,500,87,333274,298017,7245,500,666.548,596.034,14.49
2,500,88,360660,322590,7838,500,721.32,645.18,15.676
2,500,89,345411,308820,7426,500,690.822,617.64,14.852
2,500,90,350504,313365,7741,500,701.008,626.73,15.482
2,500,91,366870,327902,8069,500,733.74,655.804,16.138
2,500,92,356538,318712,7839,500,713.076,637.424,15.678
2,500,93,335293,299720,7317,500,670.586,599.44,14.634
2,500,94,332579,297446,7330,500,665.158,594.892,14.66
2,500,95,358623,320476,7921,500,717.246,640.952,15.842
2,500,96,311220,278279,6853,500,622.44,556.558,13.706
2,500,97,329582,295083,7172,500,659.164,590.166,14.344
2,500,98,352794,315716,7623,500,705.588,631.432,15.246
2,500,99,336434,300638,7374,500,672.868,601.276,14.748
2,500,100,307790,275316,6828,500,615.58,550.632,13.656
50,5,1,652,593,415,5,130.4,118.6,83
50,5,2,499,455,328,5,99.8,91,65.6
50,5,3,1274,1154,821,5,254.8,230.8,164.2
50,5,4,472,430,290,5,94.4,86,58
50,5,5,1066,959,674,5,213.2,191.8,134.8
50,5,6,704,631,441,5,140.8,126.2,88.2
50,5,7,517,469,326,5,103.4,93.8,65.2
50,5,8,1014,900,630,5,202.8,180,126
50,5,9,594,535,382,5,118.8,107,76.4
50,5,10,381,336,248,5,76.2,67.2,49.6
50,5,11,556,489,348,5,111.2,97.8,69.6
50,5,12,565,514,358,5,113,102.8,71.6
50,5,13,189,175,134,5,37.8,35,26.8
50,5,14,740,661,485,5,148,132.2,97
50,5,15,481,431,309,5,96.2,86.2,61.8
50,5,16,393,351,248,5,78.6,70.2,49.6
50,5,17,771,684,467,5,154.2,136.8,93.4
50,5,18,560,510,367,5,112,102,73.4
50,5,19,552,510,375,5,110.4,102,75
50,5,20,695,624,438,5,139,124.8,87.6
50,5,21,1021,918,646,5,204.2,183.6,129.2
50,5,22,531,465,326,5,106.2,93,65.2
50,5,23,580,501,362,5,116,100.2,72.4
50,5,24,584,515,368,5,116.8,103,73.6
50,5,25,510,456,333,5,102,91.2,66.6
50,5,26,611,542,375,5,122.2,108.4,75
50,5,27,348,319,225,5,69.6,63.8,45
50,5,28,582,533,373,5,116.4,106.6,74.6
50,5,29,449,403,287,5,89.8,80.6,57.4
50,5,30,348,308,215,5,69.6,61.6,43
50,5,31,1128,1007,716,5,225.6,201.4,143.2
50,5,32,271,241,176,5,54.2,48.2,35.2
50,5,33,345,304,210,5,69,60.8,42
50,5,34,203,183,116,5,40.6,36.6,23.2
50,5,35,571,512,365,5,114.2,102.4,73
50,5,36,851,753,536,5,170.2,150.6,107.2
50,5,37,647,574,390,5,129.4,114.8,78
50,5,38,625,556,386,5,125,111.2,77.2
50,5,39,803,713,486,5,160.6,142.6,97.2
50,5,40,738,652,455,5,147.6,130.4,91
50,5,41,1670,1479,1049,5,334,295.8,209.8
50,5,42,861,776,545,5,172.2,155.2,109
50,5,43,463,422,304,5,92.6,84.4,60.8
50,5,44,748,673,479,5,149.6,134.6,95.8
50,5,45,886,796,557,5,177.2,159.2,111.4
50,5,46,538,491,337,5,107.6,98.2,67.4
50,5,47,781,700,481,5,156.2,140,96.2
50,5,48,1060,938,648,5,212,187.6,129.6
50,5,49,316,281,203,5,63.2,56.2,40.6
50,5,50,234,215,156,5,46.8,43,31.2
50,5,51,368,320,228,5,73.6,64,45.6
50,5,52,821,711,498,5,164.2,142.2,99.6
50,5,53,1013,896,635,5,202.6,179.2,127
50,5,54,744,671,467,5,148.8,134.2,93.4
50,5,55,479,422,306,5,95.8,84.4,61.2
50,5,56,869,760,524,5,173.8,152,104.8
50,5,57,592,524,352,5,118.4,104.8,70.4
50,5,58,266,242,178,5,53.2,48.4,35.6
50,5,59,1216,1083,793,5,243.2,216.6,158.6
50,5,60,577,510,375,5,115.4,102,75
50,5,61,139,122,84,5,27.8,24.4,16.8
50,5,62,512,461,332,5,102.4,92.2,66.4
50,5,63,933,836,578,5,186.6,167.2,115.6
50,5,64,905,805,567,5,181,161,113.4
50,5,65,310,285,205,5,62,57,41
50,5,66,292,259,172,5,58.4,51.8,34.4
50,5,67,988,904,640,5,197.6,180.8,128
50,5,68,603,534,364,5,120.6,106.8,72.8
50,5,69,431,383,275,5,86.2,76.6,55
50,5,70,814,731,536,5,162.8,146.2,107.2
50,5,71,541,488,329,5,108.2,97.6,65.8
50,5,72,134,120,85,5,26.8,24,17
50,5,73,726,656,453,5,145.2,131.2,90.6
50,5,74,1079,962,703,5,215.8,192.4,140.6
50,5,75,1027,922,630,5,205.4,184.4,126
50,5,76,568,506,353,5,113.6,101.2,70.6
50,5,77,384,336,245,5,76.8,67.2,49
50,5,78,706,640,485,5,141.2,128,97
50,5,79,394,346,262,5,78.8,69.2,52.4
50,5,80,116,105,79,5,23.2,21,15.8
50,5,81,449,404,283,5,89.8,80.8,56.6
50,5,82,633,575,400,5,126.6,115,80
50,5,83,368,327,227,5,73.6,65.4,45.4
50,5,84,1114,1008,742,5,222.8,201.6,148.4
50,5,85,385,343,238,5,77,68.6,47.6
50,5,86,864,757,522,5,172.8,151.4,104.4
50,5,87,755,689,501,5,151,137.8,100.2
50,5,88,914,818,569,5,182.8,163.6,113.8
50,5,89,683,600,425,5,136.6,120,85
50,5,90,460,419,291,5,92,83.8,58.2
50,5,91,736,648,473,5,147.2,129.6,94.6
50,5,92,829,745,541,5,165.8,149,108.2
50,5,93,752,664,479,5,150.4,132.8,95.8
50,5,94,420,378,273,5,84,75.6,54.6
50,5,95,731,643,458,5,146.2,128.6,91.6
50,5,96,1091,971,703,5,218.2,194.2,140.6
50,5,97,215,197,122,5,43,39.4,24.4
50,5,98,386,351,259,5,77.2,70.2,51.8
50,5,99,1000,893,625,5,200,178.6,125
50,5,100,641,575,413,5,128.2,115,82.6
50,50,1,6827,6142,4343,50,136.54,122.84,86.86
50,50,2,7209,6447,4585,50,144.18,128.94,91.7
50,50,3,4988,4482,3186,50,99.76,89.64,63.72
50,50,4,7770,6938,4882,50,155.4,138.76,97.64
50,50,5,7704,6953,4881,50,154.08,139.06,97.62
50,50,6,7020,6314,4421,50,140.4,126.28,88.42
50,50,7,4866,4394,3097,50,97.32,87.88,61.94
50,50,8,7077,6335,4501,50,141.54,126.7,90.02
50,50,9,8106,7263,5104,50,162.12,145.26,102.08
50,50,10,8696,7815,5492,50,173.92,156.3,109.84
50,50,11,7907,7096,5030,50,158.14,141.92,100.6
50,50,12,6555,5852,4140,50,131.1,117.04,82.8
50,50,13,5605,5029,3553,50,112.1,100.58,71.06
50,50,14,7310,6562,4640,50,146.2,131.24,92.8
50,50,15,6740,6048,4297,50,134.8,120.96,85.94
50,50,16,7788,7015,4927,50,155.76,140.3,98.54
50,50,17,6190,5556,3908,50,123.8,111.12,78.16
50,50,18,7303,6554,4596,50,146.06,131.08,91.92
50,50,19,6279,5608,4006,50,125.58,112.16,80.12
50,50,20,7844,7037,4921,50,156.88,140.74,98.42
50,50,21,7464,6680,4728,50,149.28,133.6,94.56
50,50,22,7436,6665,4726,50,148.72,133.3,94.52
50,50,23,6924,6226,4389,50,138.48,124.52,87.78
50,50,24,7414,6675,4712,50,148.28,133.5,94.24
50,50,25,6380,5679,3993,50,127.6,113.58,79.86
50,50,26,7936,7130,5020,50,158.72,142.6,100.4
50,50,27,8621,7735,5402,50,172.42,154.7,108.04
50,50,28,6704,6008,4235,50,134.08,120.16,84.7
50,50,29,6264,5608,3934,50,125.28,112.16,78.68
50,50,30,9061,8146,5750,50,181.22,162.92,115
50,50,31,6900,6167,4338,50,138,123.34,86.76
50,50,32,4394,3926,2767,50,87.88,78.52,55.34
50,50,33,7107,6332,4491,50,142.14,126.64,89.82
50,50,34,7024,6214,4335,50,140.48,124.28,86.7
50,50,35,6068,5444,3873,50,121.36,108.88,77.46
50,50,36,7166,6397,4519,50,143.32,127.94,90.38
50,50,37,6246,5622,3947,50,124.92,112.44,78.94
50,50,38,7342,6624,4654,50,146.84,132.48,93.08
50,50,39,9369,8410,5939,50,187.38,168.2,118.78
50,50,40,7750,6896,4847,50,155,137.92,96.94
50,50,41,6966,6220,4411,50,139.32,124.4,88.22
50,50,42,7409,6622,4707,50,148.18,132.44,94.14
50,50,43,7096,6365,4441,50,141.92,127.3,88.82
50,50,44,6278,5611,3944,50,125.56,112.22,78.88
50,50,45,6972,6271,4374,50,139.44,125.42,87.48
50,50,46,5546,4982,3512,50,110.92,99.64,70.24
50,50,47,6795,6042,4247,50,135.9,120.84,84.94
50,50,48,6575,5883,4224,50,131.5,117.66,84.48
50,50,49,7765,6911,4926,50,155.3,138.22,98.52
50,50,50,6743,6032,4213,50,134.86,120.64,84.26
50,50,51,5437,4862,3476,50,108.74,97.24,69.52
50,50,52,7022,6322,4465,50,140.44,126.44,89.3
50,50,53,6403,5679,3991,50,128.06,113.58,79.82
50,50,54,8752,7822,5474,50,175.04,156.44,109.48
50,50,55,7131,6331,4428,50,142.62,126.62,88.56
50,50,56,7255,6514,4551,50,145.1,130.28,91.02
50,50,57,7084,6342,4439,50,141.68,126.84,88.78
50,50,58,7143,6368,4536,50,142.86,127.36,90.72
50,50,59,7138,6352,4495,50,142.76,127.04,89.9
50,50,60,6661,5973,4217,50,133.22,119.46,84.34
50,50,61,11611,10436,7365,50,232.22,208.72,147.3
50,50,62,7092,6344,4485,50,141.84,126.88,89.7
50,50,63,7554,6760,4787,50,151.08,135.2,95.74
50,50,64,6379,5712,4063,50,127.58,114.24,81.26
50,50,65,7273,6520,4600,50,145.46,130.4,92
50,50,66,7062,6326,4500,50,141.24,126.52,90
50,50,67,8624,7686,5455,50,172.48,153.72,109.1
50,50,68,7066,6321,4491,50,141.32,126.42,89.82
50,50,69,6551,5896,4210,50,131.02,117.92,84.2
50,50,70,5133,4557,3240,50,102.66,91.14,64.8
50,50,71,7204,6425,4515,50,144.08,128.5,90.3
50,50,72,5937,5319,3721,50,118.74,106.38,74.42
50,50,73,7229,6456,4505,50,144.58,129.12,90.1
50,50,74,6816,6124,4283,50,136.32,122.48,85.66
50,50,75,5996,5370,3769,50,119.92,107.4,75.38
50,50,76,6734,6006,4201,50,134.68,120.12,84.02
50,50,77,7121,6415,4563,50,142.42,128.3,91.26
50,50,78,8687,7772,5452,50,173.74,155.44,109.04
50,50,79,7332,6579,4581,50,146.64,131.58,91.62
50,50,80,5565,4959,3526,50,111.3,99.18,70.52
50,50,81,6972,6231,4428,50,139.44,124.62,88.56
50,50,82,7795,7003,4980,50,155.9,140.06,99.6
50,50,83,8048,7203,5075,50,160.96,144.06,101.5
50,50,84,8093,7233,5078,50,161.86,144.66,101.56
50,50,85,8837,7913,5627,50,176.74,158.26,112.54
50,50,86,6773,6041,4268,50,135.46,120.82,85.36
50,50,87,7875,7061,4981,50,157.5,141.22,99.62
50,50,88,6812,6114,4354,50,136.24,122.28,87.08
50,50,89,7387,6615,4682,50,147.74,132.3,93.64
50,50,90,7147,6408,4548,50,142.94,128.16,90.96
50,50,91,8363,7443,5201,50,167.26,148.86,104.02
50,50,92,6997,6267,4411,50,139.94,125.34,88.22
50,50,93,6448,5788,4120,50,128.96,115.76,82.4
50,50,94,8448,7552,5294,50,168.96,151.04,105.88
50,50,95,7200,6455,4554,50,144,129.1,91.08
50,50,96,8579,7682,5457,50,171.58,153.64,109.14
50,50,97,7630,6806,4816,50,152.6,136.12,96.32
50,50,98,6902,6132,4327,50,138.04,122.64,86.54
50,50,99,8451,7516,5276,50,169.02,150.32,105.52
50,50,100,6669,5982,4204,50,133.38,119.64,84.08
50,500,1,73458,65828,46240,500,146.916,131.656,92.48
50,500,2,72814,65151,45954,500,145.628,130.302,91.908
50,500,3,68055,60912,43026,500,136.11,121.824,86.052
50,500,4,65647,58661,41490,500,131.294,117.322,82.98
50,500,5,71709,64272,45563,500,143.418,128.544,91.126
50,500,6,72984,65236,46172,500,145.968,130.472,92.344
50,500,7,69491,62053,43759,500,138.982,124.106,87.518
50,500,8,70998,63391,44952,500,141.996,126.782,89.904
50,500,9,69589,62291,43855,500,139.178,124.582,87.71
50,500,10,72886,65240,46057,500,145.772,130.48,92.114
50,500,11,77445,69359,49058,500,154.89,138.718,98.116
50,500,12,70951,63510,44817,500,141.902,127.02,89.634
50,500,13,69731,62303,43963,500,139.462,124.606,87.926
50,500,14,67295,60339,42500,500,134.59,120.678,85
50,500,15,71846,64346,45631,500,143.692,128.692,91.262
50,500,16,78411,70166,49485,500,156.822,140.332,98.97
50,500,17,74947,66926,47206,500,149.894,133.852,94.412
50,500,18,74958,66993,47234,500,149.916,133.986,94.468
50,500,19,69860,62456,44130,500,139.72,124.912,88.26
50,500,20,77544,69401,49276,500,155.088,138.802,98.552
50,500,21,72792,65093,45833,500,145.584,130.186,91.666
50,500,22,69183,61886,43679,500,138.366,123.772,87.358
50,500,23,72768,65090,45841,500,145.536,130.18,91.682
50,500,24,68187,61100,43321,500,136.374,122.2,86.642
50,500,25,67832,60639,42902,500,135.664,121.278,85.804
50,500,26,70952,63471,44900,500,141.904,126.942,89.8
50,500,27,69208,61878,43943,500,138.416,123.756,87.886
50,500,28,71865,64168,45203,500,143.73,128.336,90.406
50,500,29,72475,64871,45803,500,144.95,129.742,91.606
50,500,30,71502,63952,45003,500,143.004,127.904,90.006
50,500,31,72980,65318,46147,500,145.96,130.636,92.294
50,500,32,74097,66378,46766,500,148.194,132.756,93.532
50,500,33,73469,65660,46104,500,146.938,131.32,92.208
50,500,34,72679,65017,46203,500,145.358,130.034,92.406
50,500,35,70499,62963,44331,500,140.998,125.926,88.662
50,500,36,73824,65902,46583,500,147.648,131.804,93.166
50,500,37,69444,62130,44010,500,138.888,124.26,88.02
50,500,38,71580,64000,45227,500,143.16,128,90.454
50,500,39,69655,62212,43960,500,139.31,124.424,87.92
50,500,40,73869,66072,46791,500,147.738,132.144,93.582
50,500,41,72663,65015,45856,500,145.326,130.03,91.712
50,500,42,70451,63123,44505,500,140.902,126.246,89.01
50,500,43,66532,59422,42039,500,133.064,118.844,84.078
50,500,44,71967,64538,45456,500,143.934,129.076,90.912
50,500,45,66889,59752,42288,500,133.778,119.504,84.576
50,500,46,71774,64325,45544,500,143.548,128.65,91.088
50,500,47,72937,65263,46033,500,145.874,130.526,92.066
50,500,48,76186,68202,48124,500,152.372,136.404,96.248
50,500,49,72483,64686,45562,500,144.966,129.372,91.124
50,500,50,72913,65325,46236,500,145.826,130.65,92.472
50,500,51,76664,68611,48321,500,153.328,137.222,96.642
50,500,52,69280,61922,43759,500,138.56,123.844,87.518
50,500,53,72654,65001,45923,500,145.308,130.002,91.846
50,500,54,70758,63281,44495,500,141.516,126.562,88.99
50,500,55,65636,58642,41361,500,131.272,117.284,82.722
50,500,56,71853,64180,45309,500,143.706,128.36,90.618
50,500,57,76022,67954,47972,500,152.044,135.908,95.944
50,500,58,66229,59197,41810,500,132.458,118.394,83.62
50,500,59,68964,61676,43593,500,137.928,123.352,87.186
50,500,60,72620,64968,45922,500,145.24,129.936,91.844
50,500,61,70360,63064,44637,500,140.72,126.128,89.274
50,500,62,68237,60990,42814,500,136.474,121.98,85.628
50,500,63,75367,67437,47637,500,150.734,134.874,95.274
50,500,64,72323,64681,45487,500,144.646,129.362,90.974
50,500,65,72587,64839,45758,500,145.174,129.678,91.516
50,500,66,74506,66800,47261,500,149.012,133.6,94.522
50,500,67,71273,63802,45162,500,142.546,127.604,90.324
50,500,68,68288,61147,43216,500,136.576,122.294,86.432
50,500,69,67993,60765,42959,500,135.986,121.53,85.918
50,500,70,69609,62238,43977,500,139.218,124.476,87.954
50,500,71,70537,63089,44372,500,141.074,126.178,88.744
50,500,72,81487,73001,51748,500,162.974,146.002,103.496
50,500,73,71001,63514,45052,500,142.002,127.028,90.104
50,500,74,69306,62230,43731,500,138.612,124.46,87.462
50,500,75,73069,65436,46050,500,146.138,130.872,92.1
50,500,76,72155,64517,45538,500,144.31,129.034,91.076
50,500,77,67561,60474,42658,500,135.122,120.948,85.316
50,500,78,75581,67748,47924,500,151.162,135.496,95.848
50,500,79,68031,60822,42895,500,136.062,121.644,85.79
50,500,80,70616,63260,44848,500,141.232,126.52,89.696
50,500,81,68596,61345,43461,500,137.192,122.69,86.922
50,500,82,69693,62473,44171,500,139.386,124.946,88.342
50,500,83,76591,68453,48609,500,153.182,136.906,97.218
50,500,84,76309,68302,48234,500,152.618,136.604,96.468
50,500,85,68361,61114,43256,500,136.722,122.228,86.512
50,500,86,70242,62977,44252,500,140.484,125.954,88.504
50,500,87,76410,68347,48176,500,152.82,136.694,96.352
50,500,88,73576,65698,46422,500,147.152,131.396,92.844
50,500,89,67366,60185,42402,500,134.732,120.37,84.804
50,500,90,68186,61199,43240,500,136.372,122.398,86.48
50,500,91,68145,60998,43138,500,136.29,121.996,86.276
50,500,92,68441,61301,43265,500,136.882,122.602,86.53
50,500,93,78252,70105,49539,500,156.504,140.21,99.078
50,500,94,75285,67473,47633,500,150.57,134.946,95.266
50,500,95,63737,57074,40280,500,127.474,114.148,80.56
50,500,96,70302,62959,44365,500,140.604,125.918,88.73
50,500,97,75248,67209,47277,500,150.496,134.418,94.554
50,500,98,66980,59918,42322,500,133.96,119.836,84.644
50,500,99,74109,66195,46825,500,148.218,132.39,93.65
50,500,100,74844,67083,47153,500,149.688,134.166,94.306
