"foi_structure","cases_med","ARTI_med","inf_prev_15to24_med","inf_prev_25to34_med","conditions_met"
"3_6_5_4_3",231.385071035217,0.0393273152201118,0.594706798131811,0.734891927657697,FALSE
"3_6_5_7_4",228.43567251462,0.0402847869419791,0.59088471849866,0.739399714149595,FALSE
"3_6_5_7_5",237.789508726875,0.0400970485327695,0.593708165997323,0.737483085250338,FALSE
"3_6_6_3_4",219.010074463425,0.0398528033740653,0.59262851600388,0.743313373253493,FALSE
"3_6_6_3_7",242.989745832726,0.0398182768876353,0.590673575129534,0.747460757156048,FALSE
"3_6_6_4_4",236.17212224269,0.0400949276359553,0.590609916630101,0.7426614481409,FALSE
"3_6_6_4_5",243.131534159981,0.0400258680391712,0.59008547008547,0.744528452049343,TRUE
"3_6_6_4_7",232.937339855579,0.0399678909478237,0.590684931506849,0.745409429280397,FALSE
"3_6_6_5_3",237.518407676595,0.0402990148413719,0.592887225081891,0.74364406779661,FALSE
"3_6_6_5_5",242.954324586978,0.0400903947700665,0.589669181659896,0.744047619047619,TRUE
"3_6_6_5_6",234.841012634446,0.04013016569896,0.589331075359865,0.739083750894775,FALSE
"3_6_6_5_7",233.296005972378,0.0403837046373342,0.591909882232463,0.74502712477396,FALSE
"3_6_6_6_3",243.629099059592,0.0406651659020042,0.591403417918177,0.745920745920746,TRUE
"3_6_6_6_4",237.247924080664,0.0407667979626999,0.596194503171247,0.744813278008299,FALSE
"3_6_6_6_5",236.406619385343,0.0406776928397522,0.592242665340627,0.744413955311642,FALSE
"3_6_6_6_6",238.367658276125,0.0404271740191181,0.589407191448008,0.743451981195433,FALSE
"3_6_6_6_7",233.492107966751,0.0406162254959296,0.588573481854114,0.744722631320569,FALSE
"3_6_6_7_3",229.252636405319,0.0405950453601936,0.590306545153273,0.739657333890514,FALSE
"3_6_6_7_4",237.281700835232,0.040529730941725,0.590800477897252,0.741045498547919,FALSE
"3_6_6_7_5",238.57238286096,0.0407610249963332,0.588075880758808,0.741964285714286,FALSE
"3_6_6_7_6",233.492107966751,0.0407048891176034,0.593525179856115,0.744300402324542,FALSE
"3_6_6_7_7",225.774406213312,0.0408146497725319,0.59322760394342,0.744830827067669,FALSE
"3_6_7_3_3",243.771634732583,0.0405434391107042,0.592628992628993,0.753489847715736,FALSE
"3_6_7_3_4",237.112913169251,0.040616462177015,0.591644204851752,0.752548656163114,FALSE
"3_6_7_3_6",247.86833234186,0.0404897663778769,0.591300407793385,0.750101091791347,TRUE
"3_6_7_3_7",229.15807323892,0.0404657865150777,0.590099869735128,0.751366120218579,FALSE
"3_6_7_4_3",231.128368695974,0.040751863915795,0.593447161975081,0.755134281200632,FALSE
"3_6_7_4_4",232.029328507123,0.0405618599203773,0.589068825910931,0.749861954721149,FALSE
"3_6_7_4_5",223.473674801108,0.0407346883714594,0.589979123173278,0.754399387911247,FALSE
"3_6_7_4_6",239.739163789797,0.040619574585317,0.589657110736369,0.751006036217304,FALSE
"3_6_7_4_7",240.188307633184,0.0407295586351042,0.592188156236875,0.751192024273949,FALSE
"3_6_7_5_3",238.231370306842,0.0411578522217889,0.588615023474178,0.75496342737722,FALSE
"3_6_7_5_4",226.880842181686,0.0408808140695347,0.585119798234552,0.754531722054381,FALSE
"3_6_7_5_5",251.155314446454,0.0411442381862195,0.589894736842105,0.751752577319588,FALSE
"3_6_7_5_6",243.735985180852,0.0409006104469698,0.588133839254915,0.752725007785736,FALSE
"3_6_7_5_7",236.97805583203,0.0409587545819048,0.59010752688172,0.750569846955389,FALSE
"3_6_7_6_3",247.942080729941,0.0413033741198631,0.594733829421866,0.753326996197719,FALSE
"3_6_7_6_4",238.9486260454,0.0409835878658362,0.592307692307692,0.745715424471901,FALSE
"3_6_7_6_5",228.185469149325,0.0410952126235562,0.590963614554178,0.753253513794898,FALSE
"3_6_7_6_6",236.675186973398,0.0411821529330333,0.589827344843677,0.749319860085503,FALSE
"3_6_7_6_7",241.021932995903,0.0409703838537145,0.583292860611948,0.75211970074813,FALSE
"3_6_7_7_3",247.978971383227,0.0415751262607135,0.590789473684211,0.752552260573651,FALSE
"3_6_7_7_4",228.154232261008,0.041297901079281,0.588045977011494,0.752053187328901,FALSE
"3_6_7_7_5",263.629653063377,0.0415408326153074,0.589496248660236,0.753217931646693,FALSE
"3_6_7_7_6",246.840442338073,0.0413274338558908,0.59289248762933,0.752062706270627,FALSE
"3_6_7_7_7",231.417198926224,0.0413612422697115,0.591093117408907,0.747307373653687,FALSE
"3_7_3_3_3",231.545799759192,0.0413691757233794,0.634556574923547,0.759537976898845,FALSE
"3_7_3_3_4",227.252067993819,0.0414280452091302,0.637563884156729,0.757629107981221,FALSE
"3_7_3_3_5",237.687773340939,0.0411988069226243,0.636615044247788,0.755399061032864,FALSE
"3_7_3_3_6",230.139003958391,0.0408906049497963,0.630453752181501,0.753535353535354,FALSE
"3_7_3_3_7",227.345064338653,0.0412704541829298,0.631464580617123,0.757791327913279,FALSE
"3_7_3_4_3",224.406444953099,0.0412524469187863,0.632135306553911,0.757777777777778,FALSE
"3_7_3_4_4",235.804565176382,0.0414971019546961,0.634122287968442,0.756821445667784,FALSE
"3_7_3_4_5",224.557621485673,0.0417044214935137,0.633280507131537,0.75615340583858,FALSE
"3_7_3_4_6",235.804565176382,0.0412852010076913,0.632696390658174,0.75470737913486,FALSE
"3_7_3_4_7",244.738130200685,0.0415599442487179,0.633663366336634,0.757428153921091,FALSE
"3_7_3_5_3",221.425091891413,0.0418775177774553,0.634598792062123,0.756051437216339,FALSE
"3_7_3_5_4",232.937339855579,0.0415808028774778,0.634615384615385,0.753164556962025,FALSE
"3_7_3_5_5",235.671191553544,0.0417431820388894,0.634351949420443,0.757791629563669,FALSE
"3_7_3_5_6",227.811190085657,0.0417497363245561,0.638926784902228,0.758147512864494,FALSE
"3_7_3_5_7",226.66485334784,0.0419262806790384,0.634285714285714,0.757508833922262,FALSE
"3_7_3_6_3",230.712440014766,0.0420846024221422,0.641954022988506,0.756798161623899,FALSE
"3_7_3_6_4",242.848122784011,0.0422105625218687,0.630492091388401,0.761432506887052,FALSE
"3_7_3_6_5",220.95541119802,0.0420263636683081,0.636763412489006,0.752114164904863,FALSE
"3_7_3_6_6",224.225301583031,0.0420708488818704,0.633774160732452,0.757989088074825,FALSE
"3_7_3_6_7",223.593596279403,0.042045404750974,0.631504922644163,0.751964468739324,FALSE
"3_7_3_7_3",233.394015777435,0.042250395253953,0.632985658409387,0.759223300970874,FALSE
"3_7_3_7_4",226.757369614512,0.0421249957175265,0.632538569424965,0.760014054813774,FALSE
"3_7_3_7_5",225.652134669194,0.042460513673103,0.631865991429684,0.757318625371235,FALSE
"3_7_3_7_6",239.085736144982,0.0422871258207441,0.639132679401136,0.755998189225894,FALSE
"3_7_3_7_7",235.771207620125,0.0424193535577511,0.637465564738292,0.759477124183007,FALSE
"3_7_4_3_3",243.700346054491,0.0422547834014659,0.634467120181406,0.767088607594937,FALSE
"3_7_4_3_4",229.505186817222,0.0418849481853502,0.632437197003085,0.763800225309801,FALSE
"3_7_4_3_5",244.343449152128,0.0420076041313122,0.631424375917768,0.762532981530343,FALSE
"3_7_4_3_6",231.288740864095,0.041923243754303,0.633287608596251,0.76629711751663,FALSE
"3_7_4_3_7",240.952243265385,0.0419278405866346,0.6297192642788,0.76483638380477,FALSE
"3_7_4_4_3",238.197322662093,0.0420420866773907,0.634249471458774,0.761794019933555,FALSE
"3_7_4_4_4",229.126569517001,0.0423731094608139,0.637479978643887,0.762261325346312,FALSE
"3_7_4_4_5",230.202578268877,0.0423442887490073,0.632326820603908,0.766644474034621,FALSE
"3_7_4_4_6",229.631670800037,0.042145723714626,0.632303839732888,0.762894534257121,FALSE
"3_7_4_4_7",233.426704014939,0.0421244855579535,0.633802816901408,0.765230312035661,FALSE
"3_7_4_5_3",229.441997063142,0.042527419602669,0.638474295190713,0.763652249890782,FALSE
"3_7_4_5_4",222.548626874972,0.0426039000698293,0.635253054101222,0.766332665330661,FALSE
"3_7_4_5_5",241.96670538134,0.0424277453464423,0.633750579508577,0.761755485893417,FALSE
"3_7_4_5_6",239.842663212932,0.0427043315588819,0.631736526946108,0.762384918895221,FALSE
"3_7_4_5_7",220.458553791887,0.0424157687672635,0.630745461568173,0.766044606281293,FALSE
"3_7_4_6_3",249.76272541086,0.0428484440080131,0.644215100488865,0.764343473238352,FALSE
"3_7_4_6_4",238.265427686443,0.0428549899470563,0.637437528396184,0.764823717948718,FALSE
"3_7_4_6_5",241.440919407021,0.0424696551983214,0.635062611806798,0.759982054733064,FALSE
"3_7_4_6_6",240.569668976135,0.0429437747593371,0.636075949367089,0.767123287671233,FALSE
"3_7_4_6_7",251.762336354481,0.0428705876312102,0.635584137191854,0.767087505441881,FALSE
"3_7_4_7_3",226.603217765692,0.0428848732865429,0.632535460992908,0.765991902834008,FALSE
"3_7_4_7_4",238.709061395971,0.0428515470831545,0.632925472747497,0.765729585006693,FALSE
"3_7_4_7_5",238.606537819136,0.0429441427767445,0.635303913405495,0.762623633524206,FALSE
"3_7_4_7_6",240.500240500241,0.0428081002074258,0.632255551227113,0.762775685852609,FALSE
"3_7_4_7_7",222.637812806127,0.0428577884259121,0.636420919974795,0.763092269326683,FALSE
"3_7_5_3_3",241.826272006191,0.0428866498160959,0.636287973366625,0.770958684316085,FALSE
"3_7_5_3_4",249.239818553412,0.0425774716299492,0.633409350057012,0.772727272727273,FALSE
"3_7_5_3_5",226.080665581479,0.0430186151134957,0.638938848920863,0.771760930605696,FALSE
"3_7_5_3_6",226.387756950104,0.0427964153240862,0.634167019923697,0.773776546629732,FALSE
"3_7_5_3_7",240.987083092346,0.0427324047154504,0.634945397815913,0.772304832713755,FALSE
"3_7_5_4_3",236.339572698053,0.0429929599135083,0.631490080202617,0.772117962466488,FALSE
"3_7_5_4_4",225.560517886949,0.042966198111719,0.638415672913118,0.76843146956952,FALSE
"3_7_5_4_5",237.146651489281,0.0430948875853711,0.637863656100738,0.77447216890595,FALSE
"3_7_5_4_6",231.032252102393,0.0431211328176743,0.640615748963884,0.77172195892575,FALSE
"3_7_5_4_7",232.288037166086,0.0430275733756473,0.636913063691306,0.766254487435182,FALSE
"3_7_5_5_3",232.514880952381,0.0432346454656011,0.635687732342007,0.77307366638442,FALSE
"3_7_5_5_4",232.774674115456,0.0432235688151952,0.641002685765443,0.770111183780249,FALSE
"3_7_5_5_5",239.15435021763,0.0434462550767988,0.637037037037037,0.768325791855204,FALSE
"3_7_5_5_6",232.839713141473,0.0431361081951238,0.630739487675205,0.769733769266698,FALSE
"3_7_5_5_7",232.709671413944,0.0434930703926072,0.637619047619048,0.771034482758621,FALSE
"3_7_5_6_3",247.537006782514,0.0434897524677885,0.633938706015891,0.774118558698179,FALSE
"3_7_5_6_4",231.771195475826,0.0437412383920137,0.638412984670875,0.775554588951718,FALSE
"3_7_5_6_5",239.670213785831,0.0435108949109604,0.633686690223793,0.773391812865497,FALSE
"3_7_5_6_6",231.320842007865,0.04375170459509,0.638363171355499,0.772114574557708,FALSE
"3_7_5_6_7",241.615927321929,0.0434646436686358,0.633884666964685,0.769189765458422,FALSE
"3_7_5_7_3",236.809699725301,0.0435677826947261,0.635879218472469,0.767780634104542,FALSE
"3_7_5_7_4",241.650959354309,0.0434353893858149,0.63154533844189,0.772518382352941,FALSE
"3_7_5_7_5",241.440919407021,0.043432259357521,0.635684259691733,0.769436997319035,FALSE
"3_7_5_7_6",225.682690137666,0.043721935412523,0.63531746031746,0.770053475935829,FALSE
"3_7_5_7_7",238.5382376795,0.0437623340455935,0.637984019668101,0.772821576763486,FALSE
"3_7_6_3_3",233.328666759998,0.0432935878134453,0.633564614050304,0.779405237461163,FALSE
"3_7_6_3_4",235.604561304307,0.0435408403927622,0.637239165329053,0.777613412228797,FALSE
"3_7_6_3_5",250.852899859522,0.0433717440262097,0.634228187919463,0.778424350940018,FALSE
"3_7_6_3_6",242.989745832726,0.0435589372785338,0.635785649409628,0.781047165729122,FALSE
"3_7_6_3_7",239.120038259206,0.0435619446016359,0.63651248465002,0.779367143476376,FALSE
"3_7_6_4_3",237.789508726875,0.0434742262586374,0.631993006993007,0.777147487844408,FALSE
"3_7_6_4_4",225.103547631911,0.0436843835072811,0.636112390603409,0.776793622674934,FALSE
"3_7_6_4_5",234.148168961319,0.0439899046815599,0.635328836424958,0.780694980694981,FALSE
"3_7_6_4_6",234.543578196829,0.04352300895765,0.632111251580278,0.776926179911255,FALSE
"3_7_6_4_7",247.500247500247,0.0436846806196777,0.635314236853356,0.778581765557164,FALSE
"3_7_6_5_3",242.565371367584,0.0441157920925601,0.63351842503786,0.777725783809078,FALSE
"3_7_6_5_4",242.494786362093,0.0439678826335181,0.632606199770379,0.777831094049904,FALSE
"3_7_6_5_5",251.155314446454,0.0437639099447776,0.634736842105263,0.773909006499536,FALSE
"3_7_6_5_6",231.385071035217,0.0438998996194891,0.632452047693105,0.777724204435873,FALSE
"3_7_6_5_7",235.338416643133,0.0440247803015837,0.639921722113503,0.778339654445849,FALSE
"3_7_6_6_3",237.61999809904,0.0440340597775034,0.635342789598109,0.777067348678602,FALSE
"3_7_6_6_4",245.278390973755,0.0439835483111847,0.635068762278978,0.776433121019108,FALSE
"3_7_6_6_5",241.580905445234,0.044174343254762,0.637337845459673,0.777728085867621,FALSE
"3_7_6_6_6",237.959261374453,0.044355507556943,0.636650157586673,0.776493256262042,FALSE
"3_7_6_6_7",231.352952063668,0.0441929359572656,0.632589517384536,0.778609625668449,FALSE
"3_7_6_7_3",232.839713141473,0.0443519712381036,0.6307295029051,0.776470588235294,FALSE
"3_7_6_7_4",221.572276876717,0.0441508346533883,0.629501084598698,0.778922716627635,FALSE
"3_7_6_7_5",232.937339855579,0.0442840885080192,0.631919905771496,0.778155339805825,FALSE
"3_7_6_7_6",228.24796859308,0.0442561395991135,0.634297520661157,0.779967159277504,FALSE
"3_7_6_7_7",252.257706472933,0.0442825179482086,0.635655138821237,0.776817488561261,FALSE
"3_7_7_3_3",241.33603629694,0.0442366395213833,0.635078969243558,0.783637259733859,FALSE
"3_7_7_3_4",234.181068802398,0.0441232565757694,0.637714285714286,0.782127913927077,FALSE
"3_7_7_3_5",238.231370306842,0.0439467101900619,0.631761786600496,0.78332034294622,FALSE
"3_7_7_3_6",227.035372110975,0.0439082523294494,0.634048926610085,0.78448275862069,FALSE
"3_7_7_3_7",234.841012634446,0.0442945193704094,0.634808013355593,0.783461210571185,FALSE
"3_7_7_4_3",236.23907394283,0.0444229419797829,0.636098374322634,0.785407725321888,FALSE
"3_7_7_4_4",255.819902788437,0.0445452720277886,0.636955433149725,0.784969435454872,FALSE
"3_7_7_4_5",241.826272006191,0.0443035443625004,0.635885167464115,0.781597038603913,FALSE
"3_7_7_4_6",238.640702558228,0.0442893211440193,0.632573652028905,0.784090909090909,FALSE
"3_7_7_4_7",235.172381355534,0.0445701558682694,0.636161952301719,0.784871899145994,FALSE
"3_7_7_5_3",239.670213785831,0.0443232319497878,0.632926829268293,0.781865965834428,FALSE
"3_7_7_5_4",246.950165456611,0.0446061768287843,0.632537688442211,0.786294416243655,FALSE
"3_7_7_5_5",254.297629946089,0.0443501916129816,0.633113311331133,0.780282766526557,FALSE
"3_7_7_5_6",252.219531880549,0.0448580106570043,0.63735377168213,0.786799826313504,FALSE
"3_7_7_5_7",242.742013787746,0.0446354472602397,0.634404057480981,0.784869128719971,FALSE
"3_7_7_6_3",253.755582622818,0.0448884656057348,0.633426183844011,0.782220131702728,FALSE
"3_7_7_6_4",234.807927115619,0.0448248193036731,0.633333333333333,0.784839924670433,FALSE
"3_7_7_6_5",253.33130668288,0.0447814581145033,0.63543599257885,0.781431334622824,FALSE
"3_7_7_6_6",245.314493180257,0.0446227782345771,0.633587786259542,0.78086542278682,FALSE
"3_7_7_6_7",244.057207009323,0.0445974292076844,0.62954796030871,0.785871964679912,FALSE
"3_7_7_7_3",257.838283828383,0.0450482900785361,0.631662060797473,0.784473953013279,FALSE
"3_7_7_7_4",245.929860803699,0.0447781279076397,0.637443670626792,0.78133704735376,FALSE
"3_7_7_7_5",229.473587590068,0.044879208743739,0.633403805496829,0.782793209876543,FALSE
"3_7_7_7_6",247.720967102656,0.0451910053007056,0.635300668151448,0.78680412371134,FALSE
"3_7_7_7_7",253.678335870117,0.0450563331111373,0.636605952909818,0.787456445993031,FALSE
"4_6_3_6_6",233.655778307398,0.0394614978862583,0.609339919173776,0.731114435302917,FALSE
"4_6_4_5_5",222.965440356745,0.0399806155507119,0.602373887240356,0.739825581395349,FALSE
"4_6_4_5_6",230.075464752439,0.0401764607096452,0.607255520504732,0.737232289950577,FALSE
"4_6_4_6_3",245.603693879556,0.0401144587879173,0.608616780045351,0.736590038314176,TRUE
"4_6_4_6_7",244.271825687625,0.0400514911119511,0.604832424006235,0.735903814262023,TRUE
"4_6_4_7_3",237.857380714524,0.0403191919525439,0.608752735229759,0.734104046242775,FALSE
"4_6_4_7_4",248.015873015873,0.0405070991514898,0.608262817322051,0.737100737100737,TRUE
"4_6_4_7_5",241.33603629694,0.0404446774048124,0.61038961038961,0.738480194017785,FALSE
"4_6_4_7_6",233.983808320464,0.0403694587824829,0.60461811722913,0.733230134158927,FALSE
"4_6_4_7_7",250.17512258581,0.0405246237253161,0.607873210633947,0.736423220973783,TRUE
"4_6_5_3_3",218.52191774835,0.0404251838216537,0.608600979858465,0.743050847457627,FALSE
"4_6_5_3_5",236.20559334845,0.0401288377972359,0.608915441176471,0.744796380090498,FALSE
"4_6_5_3_6",225.866196864977,0.0401970681742896,0.607084019769357,0.749278499278499,FALSE
"4_6_5_3_7",216.281685266892,0.0403562795648336,0.608078602620087,0.74800796812749,FALSE
"4_6_5_4_3",215.303793652844,0.0403686323377943,0.611279333838001,0.747315436241611,FALSE
"4_6_5_4_5",218.435998252512,0.0405024125680578,0.608666887198148,0.745408714440043,FALSE
"4_6_5_4_6",227.65560260438,0.040476443276293,0.607287449392713,0.745984310795667,FALSE
"4_6_5_4_7",233.852485851925,0.039983370697509,0.60407145824678,0.743868114193808,FALSE
"4_6_5_5_3",229.980221700934,0.0405404494372457,0.607236268526591,0.746949261400128,FALSE
"4_6_5_5_4",232.223305930983,0.0405795160644347,0.601826484018265,0.743425995492111,FALSE
"4_6_5_5_5",231.385071035217,0.0406570080476026,0.608720271800679,0.742922374429224,FALSE
"4_6_5_5_6",215.805602313436,0.0403713262403058,0.605643738977072,0.743029895868324,FALSE
"4_6_5_5_7",230.139003958391,0.0406717880006571,0.611502782931354,0.745158450704225,FALSE
"4_6_5_6_3",228.78059940517,0.0405745771328491,0.60253402158611,0.746116289391922,FALSE
"4_6_5_6_4",242.001839213978,0.0407476315061399,0.608136156081362,0.747022391615055,TRUE
"4_6_5_6_5",222.37046920169,0.0409711967512592,0.607378640776699,0.745437079731028,FALSE
"4_6_5_6_6",228.592328441458,0.0410721193321547,0.608822305451519,0.747852760736196,FALSE
"4_6_5_6_7",235.139202407825,0.0409507785736379,0.604362915220625,0.747963584091998,FALSE
"4_6_5_7_3",232.579774862778,0.0411988825633414,0.606933019976498,0.747178329571106,FALSE
"4_6_5_7_4",237.755587256301,0.0410190188433045,0.611013986013986,0.744244244244244,FALSE
"4_6_5_7_5",236.20559334845,0.0408651346755167,0.605037513397642,0.742599742599743,FALSE
"4_6_5_7_6",238.845896627496,0.0409726612602639,0.601823708206687,0.745821042281219,FALSE
"4_6_5_7_7",226.603217765692,0.0410693949518927,0.605836236933798,0.747079735906552,FALSE
"4_6_6_3_3",229.063588052043,0.0410531252590678,0.605078336034576,0.755854293148309,FALSE
"4_6_6_3_4",236.97805583203,0.040972030837259,0.612579084480834,0.750551876379691,FALSE
"4_6_6_3_5",244.379276637341,0.0408428008615724,0.607485166590598,0.751083815028902,FALSE
"4_6_6_3_6",232.417607957979,0.0407140378559391,0.603228962818004,0.754392255288634,FALSE
"4_6_6_3_7",227.345064338653,0.0408978679495949,0.605284888521883,0.753323485967504,FALSE
"4_6_6_4_3",226.326271953648,0.0412339191714759,0.606856309263311,0.756964069438837,FALSE
"4_6_6_4_4",238.5382376795,0.0411607427868712,0.607242339832869,0.754524361948956,FALSE
"4_6_6_4_5",225.103547631911,0.0412628234045601,0.609071274298056,0.751700680272109,FALSE
"4_6_6_4_6",229.505186817222,0.0409569215280143,0.605117270788913,0.753562447611065,FALSE
"4_6_6_4_7",233.786879880301,0.041229743480765,0.605911330049261,0.754411764705882,FALSE
"4_6_6_5_3",233.296005972378,0.0413374278742624,0.610300081103001,0.753601773180643,FALSE
"4_6_6_5_4",239.017161432191,0.0411222711641821,0.608052101835406,0.752157404211253,FALSE
"4_6_6_5_5",235.43815039789,0.0413890368726533,0.612530120481928,0.751630434782609,FALSE
"4_6_6_5_6",234.77485091797,0.0417277189194792,0.61049610496105,0.753488372093023,FALSE
"4_6_6_5_7",239.051443870721,0.0413824838506214,0.611527647610122,0.752669039145907,FALSE
"4_6_6_6_3",236.675186973398,0.0416419120462459,0.605388272583201,0.754000914494742,FALSE
"4_6_6_6_4",234.049524879464,0.0418583403731285,0.607005553182401,0.756564141035259,FALSE
"4_6_6_6_5",246.511857220332,0.0414273886278648,0.609336609336609,0.752764612954186,FALSE
"4_6_6_6_6",245.170148082769,0.0417924520937057,0.609633718013046,0.755572636433513,FALSE
"4_6_6_6_7",241.266164833044,0.0415337709000385,0.611633109619687,0.751058823529412,FALSE
"4_6_6_7_3",238.469976629942,0.0417817247606982,0.60427310729215,0.750785340314136,FALSE
"4_6_6_7_4",224.921277552857,0.0416444412832863,0.602860286028603,0.753098188751192,FALSE
"4_6_6_7_5",237.653880887875,0.0419600968311447,0.604419889502762,0.75836284927194,FALSE
"4_6_6_7_6",254.103775982111,0.0419305668006754,0.605932203389831,0.754621848739496,FALSE
"4_6_6_7_7",235.20556966789,0.0416624267431536,0.606392294220666,0.753804347826087,FALSE
"4_6_7_3_3",230.584762958864,0.0415224445510954,0.602840352595495,0.759415584415584,FALSE
"4_6_7_3_4",227.035372110975,0.0417706172549267,0.605334784975504,0.761607491221225,FALSE
"4_6_7_3_5",232.417607957979,0.0415070749513048,0.605890603085554,0.759714158106297,FALSE
"4_6_7_3_6",228.686425173802,0.0412882850001793,0.608297153883261,0.7608,FALSE
"4_6_7_3_7",230.520977408944,0.0415671240272872,0.608092485549133,0.761904761904762,FALSE
"4_6_7_4_3",235.571260306243,0.0420256525039215,0.610957387935805,0.763797942001871,FALSE
"4_6_7_4_4",254.764088454092,0.0418446986327951,0.605042016806723,0.762240663900415,FALSE
"4_6_7_4_5",233.00246982618,0.0417716420282106,0.603122043519394,0.762245262781552,FALSE
"4_6_7_4_6",231.320842007865,0.0420924453222243,0.607890017931859,0.76078431372549,FALSE
"4_6_7_4_7",228.154232261008,0.0418877551485571,0.60377358490566,0.764136328427576,FALSE
"4_6_7_5_3",227.873484641327,0.0420532090536316,0.611010009099181,0.757885763000853,FALSE
"4_6_7_5_4",235.172381355534,0.0420042217598506,0.6082995951417,0.760663507109005,FALSE
"4_6_7_5_5",236.708800833215,0.0421654530856944,0.607162842753218,0.76159230096238,FALSE
"4_6_7_5_6",246.986761509583,0.0419354556469372,0.607692307692308,0.758747697974217,FALSE
"4_6_7_5_7",233.55754857997,0.0418430876734694,0.606089438629876,0.758024691358025,FALSE
"4_6_7_6_3",231.642344220524,0.0422716398405866,0.606606606606607,0.763412017167382,FALSE
"4_6_7_6_4",229.063588052043,0.0422860254766474,0.605221932114883,0.761467889908257,FALSE
"4_6_7_6_5",246.038775711052,0.0424790658883388,0.605804749340369,0.762040816326531,FALSE
"4_6_7_6_6",244.307632170429,0.0419851190301996,0.603285216525635,0.760205831903945,FALSE
"4_6_7_6_7",234.874107478392,0.0423022293725934,0.610749891634157,0.758241758241758,FALSE
"4_6_7_7_3",247.316614730178,0.0424238782911841,0.609226594301221,0.75875486381323,FALSE
"4_6_7_7_4",234.148168961319,0.0424363689718459,0.609481915933529,0.762312633832976,FALSE
"4_6_7_7_5",239.223003684034,0.04253753321894,0.605740818910933,0.759325681492109,FALSE
"4_6_7_7_6",237.045465320248,0.0423377517476075,0.605997501041233,0.765573166236638,FALSE
"4_6_7_7_7",226.326271953648,0.0425923954972605,0.603869653767821,0.761574074074074,FALSE
"4_7_3_3_3",232.872246285688,0.042020046799744,0.647909967845659,0.766146993318486,FALSE
"4_7_3_3_4",221.926320461607,0.0421742009586424,0.646479387085006,0.767365392519523,FALSE
"4_7_3_3_5",225.652134669194,0.0425758953027371,0.651367640241076,0.763695450324977,FALSE
"4_7_3_3_6",218.722659667542,0.0425645506260007,0.656170828809265,0.765127103472968,FALSE
"4_7_3_3_7",225.438477839398,0.0424605914804425,0.652278177458034,0.768387391502969,FALSE
"4_7_3_4_3",243.237984043588,0.0426464505735932,0.651420317766009,0.766978446522977,FALSE
"4_7_3_4_4",230.234378597412,0.0427919037038927,0.648630136986301,0.765078026149304,FALSE
"4_7_3_4_5",236.944365462989,0.0425904994284828,0.648416532474503,0.766089658233467,FALSE
"4_7_3_4_6",224.466891133558,0.0425271032341941,0.644889357218124,0.765721331689272,FALSE
"4_7_3_4_7",227.035372110975,0.0426206334375397,0.649650725416443,0.765869365225391,FALSE
"4_7_3_5_3",247.573776985542,0.0429806141454223,0.652392947103275,0.764566556134533,FALSE
"4_7_3_5_4",238.606537819136,0.0427110596640732,0.6503884572697,0.76668339187155,FALSE
"4_7_3_5_5",245.821042281219,0.042834270248337,0.647573240052471,0.76597510373444,FALSE
"4_7_3_5_6",226.48004710785,0.0428764579565946,0.649122807017544,0.76537216828479,FALSE
"4_7_3_5_7",233.132839091714,0.0428838722625841,0.64946962391514,0.76600790513834,FALSE
"4_7_3_6_3",234.477583942975,0.043231972407291,0.650416666666667,0.767279960218797,FALSE
"4_7_3_6_4",245.966155057064,0.0433483114848866,0.65509391007399,0.766381766381766,FALSE
"4_7_3_6_5",225.713253882268,0.0429608394847681,0.649509803921569,0.761493123772102,FALSE
"4_7_3_6_6",237.61999809904,0.0431399237104033,0.647300771208226,0.763445761166819,FALSE
"4_7_3_6_7",235.804565176382,0.0432435464134949,0.64828897338403,0.764561115668581,FALSE
"4_7_3_7_3",229.758294274423,0.0432045454393719,0.645700245700246,0.767721265518622,FALSE
"4_7_3_7_4",232.126276694522,0.0432781086021564,0.647876141325923,0.762920815552395,FALSE
"4_7_3_7_5",230.680507497117,0.0431068542487297,0.650786713286713,0.768192488262911,FALSE
"4_7_3_7_6",234.741784037559,0.0435649697589426,0.646513895660653,0.767770876466529,FALSE
"4_7_3_7_7",243.30900243309,0.0433141355899113,0.65166733627963,0.761352657004831,FALSE
"4_7_4_3_3",245.676100628931,0.0428344367226827,0.64397622906537,0.772977551884795,FALSE
"4_7_4_3_4",226.019347256125,0.0431043118330093,0.649712879409352,0.772619611558503,FALSE
"4_7_4_3_5",221.631205673759,0.042902082223362,0.648338607594937,0.770416530009839,FALSE
"4_7_4_3_6",232.807189085999,0.0431246512482609,0.649696403549743,0.770532603285217,FALSE
"4_7_4_3_7",233.230711820132,0.0430971701377755,0.649084568439407,0.775386313465784,FALSE
"4_7_4_4_3",217.722621380361,0.0432488516524132,0.643213572854291,0.772556390977444,FALSE
"4_7_4_4_4",232.385201710355,0.0432506203736512,0.646134239592184,0.772128915115751,FALSE
"4_7_4_4_5",233.296005972378,0.0433324117881467,0.649528301886792,0.770164447924824,FALSE
"4_7_4_4_6",230.329832319882,0.043175481397053,0.648837209302326,0.769982993197279,FALSE
"4_7_4_4_7",227.09724303947,0.0433700932660687,0.649653121902874,0.772826561817388,FALSE
"4_7_4_5_3",232.579774862778,0.0439012633665394,0.648114243866715,0.774547449259462,FALSE
"4_7_4_5_4",238.709061395971,0.043617542812487,0.648110316649642,0.769820971867008,FALSE
"4_7_4_5_5",226.0500022605,0.04330223991367,0.643167972149695,0.771714562479819,FALSE
"4_7_4_5_6",230.8082906338,0.0434193838431665,0.645351283129996,0.774259868421053,FALSE
"4_7_4_5_7",224.678709445493,0.0438161073244915,0.651954602774275,0.77215878194671,FALSE
"4_7_4_6_3",236.440156996264,0.0435704384878649,0.649622054246332,0.773612463485881,FALSE
"4_7_4_6_4",239.051443870721,0.0438956851032122,0.651898734177215,0.774859287054409,FALSE
"4_7_4_6_5",253.33130668288,0.0438746646015359,0.64887516541685,0.772236503856041,FALSE
"4_7_4_6_6",251.458459062563,0.0438042966539499,0.64754953076121,0.770816158285243,FALSE
"4_7_4_6_7",233.950963877971,0.0437831798342267,0.646206633625619,0.771881188118812,FALSE
"4_7_4_7_3",229.347277647814,0.0441707963386129,0.651162790697674,0.773482798608427,FALSE
"4_7_4_7_4",245.459008345606,0.0441040268487827,0.649269311064718,0.770571544385894,FALSE
"4_7_4_7_5",243.807294714258,0.0441332028688897,0.6505,0.773645546372819,FALSE
"4_7_4_7_6",251.155314446454,0.0441170910585107,0.649365628604383,0.771853986551393,FALSE
"4_7_4_7_7",241.96670538134,0.0442457355444767,0.650917431192661,0.769749900754268,FALSE
"4_7_5_3_3",242.812742812743,0.0437785224811142,0.647938144329897,0.775249500998004,FALSE
"4_7_5_3_4",235.771207620125,0.0437222200339562,0.647235319331333,0.778019925280199,FALSE
"4_7_5_3_5",244.594462381372,0.0434782333073001,0.644408688656476,0.776803507373456,FALSE
"4_7_5_3_6",226.880842181686,0.0436861047880169,0.647534357316087,0.780070066173608,FALSE
"4_7_5_3_7",231.642344220524,0.0434918434150361,0.65,0.776132404181185,FALSE
"4_7_5_4_3",227.873484641327,0.0437006207015027,0.644595359366157,0.778028933092224,FALSE
"4_7_5_4_4",229.15807323892,0.0438878585947091,0.648441492079714,0.775577557755776,FALSE
"4_7_5_4_5",227.438136826783,0.0439380009170205,0.64795667159035,0.779118136439268,FALSE
"4_7_5_4_6",240.361503701567,0.0438728988074392,0.647395833333333,0.775578947368421,FALSE
"4_7_5_4_7",247.647350173353,0.0439553042215121,0.644424540976265,0.778938570831592,FALSE
"4_7_5_5_3",245.386729485669,0.044439073402043,0.649484536082474,0.778619153674833,FALSE
"4_7_5_5_4",241.650959354309,0.044129273440736,0.646459747817653,0.775826138731765,FALSE
"4_7_5_5_5",223.984231510102,0.0440862634687582,0.647288503253796,0.780413932357395,FALSE
"4_7_5_5_6",222.846191558586,0.0443402999326866,0.650477016478751,0.783101045296167,FALSE
"4_7_5_5_7",209.222529081932,0.0442850189523144,0.646709129511677,0.779181404749874,FALSE
"4_7_5_6_3",236.138660621517,0.0443569389515605,0.652411735454998,0.77438080495356,FALSE
"4_7_5_6_4",236.910684671879,0.0445064496148722,0.651072124756335,0.780351437699681,FALSE
"4_7_5_6_5",261.437908496732,0.044724599407334,0.650434782608696,0.777393879565647,FALSE
"4_7_5_6_6",240.326844508532,0.0445327502595608,0.645355850422195,0.779693486590038,FALSE
"4_7_5_6_7",254.103775982111,0.0444403275878962,0.647702407002188,0.777548918640577,FALSE
"4_7_5_7_3",229.568411386593,0.0445876218718172,0.645892351274788,0.778192371475954,FALSE
"4_7_5_7_4",249.277096420381,0.0447228596616336,0.650205761316872,0.776465441819773,FALSE
"4_7_5_7_5",251.344694113507,0.0448136919108386,0.654963680387409,0.777424483306836,FALSE
"4_7_5_7_6",234.213977890201,0.0449520222223718,0.653221839645844,0.777148739063304,FALSE
"4_7_5_7_7",236.038332625218,0.0444875214653859,0.645089285714286,0.77688399661304,FALSE
"4_7_6_3_3",237.925291458482,0.0442660925329438,0.645131518227965,0.785368003525782,FALSE
"4_7_6_3_4",235.904694503421,0.044280503376536,0.649717514124294,0.783869506116901,FALSE
"4_7_6_3_5",240.569668976135,0.044728262850103,0.649013499480789,0.784392598551891,FALSE
"4_7_6_3_6",242.918913666618,0.0444275209444189,0.65342072920934,0.783501006036217,FALSE
"4_7_6_3_7",240.43085208694,0.0443617395253325,0.646408839779006,0.785453067858594,FALSE
"4_7_6_4_3",241.370987207338,0.0446796104036884,0.649977032613689,0.786666666666667,FALSE
"4_7_6_4_4",240.465541287933,0.0446192885793956,0.647279549718574,0.787623066104079,FALSE
"4_7_6_4_5",245.278390973755,0.0445012696894155,0.654881266490765,0.780896686159844,FALSE
"4_7_6_4_6",235.571260306243,0.0447890123246915,0.651494868362338,0.782432432432432,FALSE
"4_7_6_4_7",235.03972171297,0.0449444117040294,0.648738695859115,0.786452353616533,FALSE
"4_7_6_5_3",225.407988459111,0.0449858355891658,0.647534668721109,0.789154188587616,FALSE
"4_7_6_5_4",237.011755783087,0.0447875065935558,0.652037617554859,0.78335535006605,FALSE
"4_7_6_5_5",245.603693879556,0.0449994057715326,0.650133333333333,0.785567010309278,FALSE
"4_7_6_5_6",231.096320946571,0.0448167166130872,0.648890986314299,0.78241308793456,FALSE
"4_7_6_5_7",234.60960960961,0.0451769533137584,0.647838616714697,0.786057692307692,FALSE
"4_7_6_6_3",237.383088828752,0.0451303456774075,0.646482122260669,0.78728323699422,FALSE
"4_7_6_6_4",231.738969225065,0.0454212137919719,0.648464163822526,0.790106951871658,FALSE
"4_7_6_6_5",237.247924080664,0.0450422386674344,0.649104859335038,0.785665294924554,FALSE
"4_7_6_6_6",235.804565176382,0.0452715744744857,0.649608669476219,0.783763561541339,FALSE
"4_7_6_6_7",243.167007100477,0.044992438179406,0.646367521367521,0.785770132916341,FALSE
"4_7_6_7_3",257.003341043434,0.0455146165737658,0.646674826601387,0.786830357142857,FALSE
"4_7_6_7_4",253.177376069674,0.0452688503963189,0.651680075721723,0.784451219512195,FALSE
"4_7_6_7_5",241.440919407021,0.045842802874781,0.6532874617737,0.788273615635179,FALSE
"4_7_6_7_6",246.220515093318,0.0455413055955091,0.649239172844323,0.787286063569682,FALSE
"4_7_6_7_7",237.959261374453,0.045229273564858,0.650757228086278,0.782423208191126,FALSE
"4_7_7_3_3",232.320416318186,0.044906406124443,0.648092369477912,0.785874943769681,FALSE
"4_7_7_3_4",237.586124970302,0.0449946219678889,0.648795180722892,0.789451297320289,FALSE
"4_7_7_3_5",246.475401754905,0.0451131822128698,0.645945945945946,0.790315415370946,FALSE
"4_7_7_3_6",234.345706786652,0.0446322119993814,0.644444444444444,0.785517873510541,FALSE
"4_7_7_3_7",243.557893711335,0.0452545004210277,0.649700598802395,0.79144385026738,FALSE
"4_7_7_4_3",247.720967102656,0.045125770421505,0.645386266094421,0.788427819988311,FALSE
"4_7_7_4_4",243.486729973216,0.0455178637356769,0.655886627906977,0.787771601819101,FALSE
"4_7_7_4_5",242.706664725013,0.0454279607364674,0.649717514124294,0.790991702884235,FALSE
"4_7_7_4_6",237.349283205165,0.0455394931687403,0.651561543172076,0.794648413192284,FALSE
"4_7_7_4_7",222.965440356745,0.0453065609029137,0.648351648351648,0.789184234647113,FALSE
"4_7_7_5_3",231.932461267279,0.0454807922280406,0.648049645390071,0.792127071823204,FALSE
"4_7_7_5_4",237.112913169251,0.0455414322893418,0.648809523809524,0.793060718711276,FALSE
"4_7_7_5_5",247.86833234186,0.0452485509635894,0.649565217391304,0.790028763183126,FALSE
"4_7_7_5_6",238.880129950791,0.0453149650838803,0.648182665424045,0.789589766210851,FALSE
"4_7_7_5_7",235.338416643133,0.0451922826841475,0.649336870026525,0.790979097909791,FALSE
"4_7_7_6_3",243.30900243309,0.0454345931891227,0.646496815286624,0.789872219592996,FALSE
"4_7_7_6_4",244.092950595587,0.0459745211782673,0.649282920469361,0.791920069504778,FALSE
"4_7_7_6_5",233.132839091714,0.0457893553858675,0.654566744730679,0.790389708664397,FALSE
"4_7_7_6_6",249.053596333931,0.0456159217946486,0.647565922920893,0.788316946211683,FALSE
"4_7_7_6_7",243.842965130456,0.0459235583124842,0.652215189873418,0.794345645234838,FALSE
"4_7_7_7_3",238.435860753457,0.0458860573547614,0.647628267182962,0.79026369168357,FALSE
"4_7_7_7_4",246.511857220332,0.0456660344582257,0.643702906350915,0.793328498912255,FALSE
"4_7_7_7_5",250.325423049965,0.0457781195400586,0.649438202247191,0.788746298124383,FALSE
"4_7_7_7_6",253.446877534469,0.0460060962552575,0.648617511520737,0.789695057833859,FALSE
"4_7_7_7_7",231.192490867897,0.0457664057142648,0.645003065603924,0.788362068965517,FALSE
"5_5_7_7_5",239.15435021763,0.0397253564799714,0.571156592099,0.734199134199134,FALSE
"5_6_3_4_3",222.846191558586,0.0396681771434643,0.619243728940472,0.736955584303579,FALSE
"5_6_3_4_4",208.125208125208,0.0399614915238427,0.621966269025093,0.737917485265226,FALSE
"5_6_3_4_7",228.874851231347,0.0400021172955289,0.620514820592824,0.74,FALSE
"5_6_3_5_4",221.014012288379,0.0400177868631327,0.621428571428571,0.740302918359808,FALSE
"5_6_3_5_5",241.580905445234,0.0404954711908877,0.627945205479452,0.741346519589197,FALSE
"5_6_3_5_7",221.719657664849,0.040252918173064,0.6245822502785,0.737747653806048,FALSE
"5_6_3_6_4",229.948491537896,0.0403662457620476,0.624128686327078,0.737358490566038,FALSE
"5_6_3_6_5",231.256648628648,0.0405144143729799,0.619684082624544,0.739130434782609,FALSE
"5_6_3_6_6",228.78059940517,0.0404201994745083,0.620932277924362,0.739280245022971,FALSE
"5_6_3_6_7",227.65560260438,0.0404211672060489,0.624822190611664,0.73395853899309,FALSE
"5_6_3_7_3",240.326844508532,0.0410253205123714,0.622893666472981,0.741327623126338,FALSE
"5_6_3_7_4",237.146651489281,0.0406045221724265,0.62351727694688,0.737689393939394,FALSE
"5_6_3_7_5",220.984707858216,0.0411489754043757,0.622412241224122,0.740782543265613,FALSE
"5_6_3_7_6",228.060572888159,0.0409256518776833,0.624480369515012,0.742590336987414,FALSE
"5_6_3_7_7",225.438477839398,0.0404227064939553,0.618108471537427,0.739694302918018,FALSE
"5_6_4_3_3",232.677183675369,0.0405726640152092,0.623314065510597,0.746935547647291,FALSE
"5_6_4_3_5",229.126569517001,0.0404108607013115,0.623140495867769,0.746566238369517,FALSE
"5_6_4_3_6",222.48920927335,0.0403885122688729,0.621824480369515,0.745463709677419,FALSE
"5_6_4_3_7",233.459401410095,0.040401749154198,0.622762148337596,0.74609375,FALSE
"5_6_4_4_3",217.779520013938,0.0407175914760582,0.622601279317697,0.745755517826825,FALSE
"5_6_4_4_4",229.505186817222,0.0406958539950839,0.6237721021611,0.74773261672825,FALSE
"5_6_4_4_5",224.587881237928,0.0405954885495871,0.620537897310513,0.748515691263783,FALSE
"5_6_4_4_6",229.189585625229,0.0406923988797054,0.62062101910828,0.749211908931699,FALSE
"5_6_4_4_7",232.288037166086,0.0406606475738877,0.620194338825518,0.745957224830464,FALSE
"5_6_4_5_3",223.954134193317,0.0409120819881432,0.623001776198934,0.745113681691264,FALSE
"5_6_4_5_4",240.188307633184,0.0410440943045209,0.62252346193952,0.749472202674173,FALSE
"5_6_4_5_5",229.916770129213,0.041044361626269,0.625396825396825,0.747247247247247,FALSE
"5_6_4_5_6",223.893963818735,0.040767128308048,0.624674196350999,0.745261211280629,FALSE
"5_6_4_5_7",230.457227138643,0.0410099568049405,0.622604422604423,0.745838956365272,FALSE
"5_6_4_6_3",240.952243265385,0.0414490456298999,0.625516102394715,0.752688172043011,FALSE
"5_6_4_6_4",256.252562525625,0.0416305312211279,0.625087596355992,0.751612903225806,FALSE
"5_6_4_6_5",224.739302409205,0.0410476597494472,0.619393939393939,0.7426597582038,FALSE
"5_6_4_6_6",233.296005972378,0.0412405849228545,0.626163391933816,0.746596858638743,FALSE
"5_6_4_6_7",230.8082906338,0.0412570334548733,0.624837168910117,0.748900293255132,FALSE
"5_6_4_7_3",227.469177926391,0.0415891796183905,0.622222222222222,0.751068376068376,FALSE
"5_6_4_7_4",247.537006782514,0.0414813430105649,0.623693379790941,0.750233863423761,TRUE
"5_6_4_7_5",224.678709445493,0.0416271792265313,0.622821576763485,0.744204018547141,FALSE
"5_6_4_7_6",231.417198926224,0.0416199142457427,0.626032245379473,0.744116388532306,FALSE
"5_6_4_7_7",236.038332625218,0.0414223985064306,0.627221324717286,0.744220183486239,FALSE
"5_6_5_3_3",229.948491537896,0.0411981584738689,0.623952686052243,0.751383567475521,FALSE
"5_6_5_3_4",235.106032820802,0.041184959896835,0.619981325863679,0.751476601544752,FALSE
"5_6_5_3_5",235.737859500236,0.0412447853982743,0.620635747785305,0.756941802966908,FALSE
"5_6_5_3_6",234.70872647045,0.0412253036111405,0.617982873453853,0.756178707224335,FALSE
"5_6_5_3_7",229.441997063142,0.0413600137459229,0.621651175505741,0.754385964912281,FALSE
"5_6_5_4_3",218.407373432927,0.0413860777216167,0.623927038626609,0.754508196721312,FALSE
"5_6_5_4_4",234.312760672946,0.0417202561712545,0.629126213592233,0.755738880918221,FALSE
"5_6_5_4_5",237.823439878234,0.0415684624416603,0.621940928270042,0.757689110556941,FALSE
"5_6_5_4_6",230.680507497117,0.0415713136863786,0.625183016105417,0.751578947368421,FALSE
"5_6_5_4_7",224.587881237928,0.0413855819641077,0.620223398001176,0.756578947368421,FALSE
"5_6_5_5_3",233.786879880301,0.0420668714723379,0.621646623496762,0.756733646857631,FALSE
"5_6_5_5_4",241.126543209877,0.0413580020857993,0.623236124176858,0.748982360922659,FALSE
"5_6_5_5_5",236.574402649633,0.0418580201155315,0.625947391885867,0.754266211604096,FALSE
"5_6_5_5_6",236.708800833215,0.0417763474903835,0.624352331606218,0.752757352941177,FALSE
"5_6_5_5_7",237.079184447606,0.0416981065026822,0.627442827442827,0.751410304625799,FALSE
"5_6_5_6_3",222.935616194043,0.0420035621391904,0.624365482233503,0.755194218608853,FALSE
"5_6_5_6_4",226.264820345733,0.0420869770753208,0.62193032552827,0.757005253940455,FALSE
"5_6_5_6_5",234.41162681669,0.0421123102308167,0.627918056217246,0.755555555555556,FALSE
"5_6_5_6_6",243.842965130456,0.0417730003974088,0.619139681005317,0.755025125628141,FALSE
"5_6_5_6_7",227.004449287206,0.041792648113773,0.615569437770303,0.757628596338274,FALSE
"5_6_5_7_3",220.779794233232,0.0420467296416875,0.61754905590522,0.753375977256574,FALSE
"5_6_5_7_4",230.234378597412,0.0423259144657268,0.621442125237192,0.755695208169678,FALSE
"5_6_5_7_5",239.463601532567,0.0421067526553049,0.626479289940828,0.750956226094348,FALSE
"5_6_5_7_6",233.852485851925,0.0421675259654626,0.62327506899724,0.756139595002154,FALSE
"5_6_5_7_7",226.142017186793,0.0421731676353939,0.62129840546697,0.751423921887714,FALSE
"5_6_6_3_3",246.366100024637,0.0418987653874305,0.620743639921722,0.763828763828764,FALSE
"5_6_6_3_4",242.459509261953,0.0417673557610715,0.618528610354223,0.763834762275916,FALSE
"5_6_6_3_5",241.931581748681,0.0422592804837448,0.626076260762608,0.759474482061647,FALSE
"5_6_6_3_6",265.646583784933,0.0417864790778512,0.619191919191919,0.758605472197705,FALSE
"5_6_6_3_7",220.109174150379,0.0417735952351221,0.618935468676401,0.761558784676354,FALSE
"5_6_6_4_3",217.098693065868,0.0421756760295345,0.623461853978671,0.760533707865168,FALSE
"5_6_6_4_4",240.257556100139,0.0422655687478432,0.622810956443646,0.760961810466761,FALSE
"5_6_6_4_5",228.655050990076,0.0418494088530543,0.623432601880878,0.759310074480596,FALSE
"5_6_6_4_6",234.148168961319,0.0420843425579631,0.620257966616085,0.762789067974772,FALSE
"5_6_6_4_7",236.071765816808,0.0421434394272602,0.621029572836802,0.764705882352941,FALSE
"5_6_6_5_3",236.944365462989,0.0426231765078687,0.623413258110014,0.760859188544153,FALSE
"5_6_6_5_4",238.743255503032,0.0423895661486996,0.622741295724989,0.757635082223962,FALSE
"5_6_6_5_5",219.182886200245,0.0423260923237143,0.627029608404967,0.760090702947846,FALSE
"5_6_6_5_6",234.082397003745,0.0425539146783068,0.62143966856551,0.763603109282122,FALSE
"5_6_6_5_7",228.906285766607,0.0423733455068023,0.623126338329764,0.759443339960239,FALSE
"5_6_6_6_3",230.425365224204,0.0426758217173347,0.62198275862069,0.762376237623762,FALSE
"5_6_6_6_4",239.429200785328,0.0423523219963018,0.617760617760618,0.764249709189608,FALSE
"5_6_6_6_5",245.170148082769,0.0424360218091911,0.6192,0.76062091503268,FALSE
"5_6_6_6_6",229.948491537896,0.0425333425418654,0.622733953944145,0.758731864588931,FALSE
"5_6_6_6_7",233.198078447834,0.0428270155061783,0.622551614610905,0.763082778306375,FALSE
"5_6_6_7_3",216.929150939303,0.0429185288586277,0.623497997329773,0.762917933130699,FALSE
"5_6_6_7_4",242.388985844483,0.0430975316825736,0.626611655492522,0.761171797418074,FALSE
"5_6_6_7_5",250.287831005656,0.042789570677878,0.62130455185359,0.762528912875867,FALSE
"5_6_6_7_6",226.819089094538,0.0427374243966322,0.620926243567753,0.765371557902678,FALSE
"5_6_6_7_7",213.15598755169,0.0428589789905921,0.620809248554913,0.761846405228758,FALSE
"5_6_7_3_3",230.904220929159,0.042629407736586,0.620285609666789,0.768456375838926,FALSE
"5_6_7_3_4",229.980221700934,0.0426586461765588,0.620582120582121,0.768025078369906,FALSE
"5_6_7_3_5",243.202490393502,0.0430438387383111,0.626737967914438,0.770611057225994,FALSE
"5_6_7_3_6",247.463499133878,0.0427916523806694,0.626196473551637,0.769048745858968,FALSE
"5_6_7_3_7",233.198078447834,0.042765621906432,0.619094008767657,0.76865671641791,FALSE
"5_6_7_4_3",240.639137549331,0.042881960876058,0.62540192926045,0.770506912442396,FALSE
"5_6_7_4_4",235.271974402409,0.0431255501356265,0.62579185520362,0.768412438625205,FALSE
"5_6_7_4_5",246.329687653956,0.0426874206667776,0.623212321232123,0.766402978129363,FALSE
"5_6_7_4_6",234.148168961319,0.0431742473977602,0.628382109331861,0.764277919243361,FALSE
"5_6_7_4_7",242.812742812743,0.0428800934654879,0.621527777777778,0.770440251572327,FALSE
"5_6_7_5_3",234.378662166596,0.043039404452855,0.623570800351803,0.769781144781145,FALSE
"5_6_7_5_4",235.971494643447,0.0432264393054235,0.622879301987397,0.771002132196162,FALSE
"5_6_7_5_5",236.507260772906,0.0428310165222878,0.618876941457587,0.765425236242357,FALSE
"5_6_7_5_6",229.631670800037,0.0431466829098244,0.623,0.771072796934866,FALSE
"5_6_7_5_7",234.345706786652,0.0431727746926551,0.62751677852349,0.76781695423856,FALSE
"5_6_7_6_3",244.271825687625,0.0432974327168375,0.624083769633508,0.769623484365029,FALSE
"5_6_7_6_4",242.989745832726,0.0433851642259019,0.62315875613748,0.770410464591791,FALSE
"5_6_7_6_5",220.458553791887,0.0431514569560806,0.620047543581617,0.769038076152305,FALSE
"5_6_7_6_6",225.83559168925,0.0431734053900089,0.621278672523182,0.765760197775031,FALSE
"5_6_7_6_7",241.96670538134,0.0431992679934345,0.624938875305623,0.766540244416351,FALSE
"5_6_7_7_3",230.776331579433,0.0433036639131649,0.616706443914081,0.770903818269695,FALSE
"5_6_7_7_4",238.709061395971,0.0437556189197166,0.627179487179487,0.769756097560976,FALSE
"5_6_7_7_5",239.085736144982,0.0432496974218312,0.622017353579176,0.767671517671518,FALSE
"5_6_7_7_6",240.673886883273,0.0434230302543926,0.621866009042335,0.766373801916933,FALSE
"5_6_7_7_7",234.246896228625,0.043747989501038,0.624491869918699,0.767799642218247,FALSE
"5_7_3_3_3",226.48004710785,0.0433081714022062,0.661157024793388,0.770277626565052,FALSE
"5_7_3_3_4",217.637329154697,0.0434216476088231,0.659856630824373,0.774734982332155,FALSE
"5_7_3_3_5",226.387756950104,0.0432259591430456,0.665553235908142,0.774193548387097,FALSE
"5_7_3_3_6",234.378662166596,0.0433363908549264,0.66397487662629,0.772585669781931,FALSE
"5_7_3_3_7",237.045465320248,0.0432554475606588,0.658937198067633,0.77219730941704,FALSE
"5_7_3_4_3",232.904788522452,0.0435688172482018,0.66173285198556,0.775193798449612,FALSE
"5_7_3_4_4",229.15807323892,0.0435783202810901,0.6625,0.773382968822708,FALSE
"5_7_3_4_5",246.475401754905,0.0436008320416338,0.658995815899582,0.774339622641509,FALSE
"5_7_3_4_6",233.754090696587,0.0438334914004117,0.667186890362856,0.777227722772277,FALSE
"5_7_3_4_7",230.8082906338,0.0437379369604738,0.664501160092807,0.773741794310722,FALSE
"5_7_3_5_3",225.407988459111,0.0440580980373062,0.662135922330097,0.772310660877955,FALSE
"5_7_3_5_4",233.885302647582,0.0438294976618976,0.657620985979195,0.774008990600736,FALSE
"5_7_3_5_5",225.866196864977,0.0440930456928992,0.667786845895343,0.775183744055339,FALSE
"5_7_3_5_6",226.78822515535,0.0438244417627464,0.660554771979314,0.776381909547739,FALSE
"5_7_3_5_7",233.55754857997,0.0439541834305032,0.665553080920564,0.77266255339345,FALSE
"5_7_3_6_3",239.017161432191,0.0442195472008874,0.660117878192534,0.773030707610147,FALSE
"5_7_3_6_4",238.163284748023,0.0442038329678935,0.663424124513619,0.772854152128402,FALSE
"5_7_3_6_5",228.655050990076,0.0442348377156236,0.664878048780488,0.774204702627939,FALSE
"5_7_3_6_6",214.693632186869,0.0443633320954298,0.662162162162162,0.774918448713302,FALSE
"5_7_3_6_7",238.197322662093,0.0441669836578682,0.664820967146549,0.774530271398747,FALSE
"5_7_3_7_3",228.655050990076,0.0443384570825237,0.662242562929062,0.771610845295056,FALSE
"5_7_3_7_4",243.131534159981,0.044236365004177,0.664438502673797,0.775590551181102,FALSE
"5_7_3_7_5",234.642639260406,0.0442641852290971,0.657390510948905,0.775320654577621,FALSE
"5_7_3_7_6",230.425365224204,0.0441014705712967,0.657741559953434,0.771396813634679,FALSE
"5_7_3_7_7",233.165454206305,0.044251068702334,0.65807117070655,0.773966165413534,FALSE
"5_7_4_3_3",222.667557336896,0.0439406436988928,0.661007957559682,0.780716029292107,FALSE
"5_7_4_3_4",236.708800833215,0.0441421192417317,0.665696263949539,0.778210116731518,FALSE
"5_7_4_3_5",237.214156940886,0.044230462889413,0.666528411447532,0.778822567457073,FALSE
"5_7_4_3_6",229.347277647814,0.0440173698983101,0.664639091646391,0.780461621041331,FALSE
"5_7_4_3_7",231.385071035217,0.0439789439242207,0.662029881504379,0.777939747327502,FALSE
"5_7_4_4_3",227.904644696659,0.0443691760994013,0.661837935717519,0.779764705882353,FALSE
"5_7_4_4_4",241.650959354309,0.0444133378900159,0.66384778012685,0.780288461538462,FALSE
"5_7_4_4_5",227.500227500228,0.0444191340676832,0.659047619047619,0.778899545683998,FALSE
"5_7_4_4_6",235.30519083251,0.0444408520939581,0.660611065235343,0.783174762143215,FALSE
"5_7_4_4_7",216.816269892893,0.0446542475661659,0.664705882352941,0.77792672028597,FALSE
"5_7_4_5_3",235.371651838253,0.0444749089438643,0.662426169922762,0.776798825256975,FALSE
"5_7_4_5_4",244.021473889702,0.0445789486958478,0.659281894576012,0.781094527363184,FALSE
"5_7_4_5_5",233.852485851925,0.044730722921643,0.661985472154964,0.783639883833495,FALSE
"5_7_4_5_6",248.385494287134,0.0448126138081033,0.66057091882248,0.783734666060881,FALSE
"5_7_4_5_7",229.568411386593,0.0445385674165357,0.657731958762887,0.781275551921505,FALSE
"5_7_4_6_3",239.773653670935,0.0450278707904125,0.661538461538462,0.780194174757282,FALSE
"5_7_4_6_4",245.893577259762,0.0450410688007542,0.666666666666667,0.778876582278481,FALSE
"5_7_4_6_5",234.181068802398,0.0446953386853864,0.658140678799803,0.778858911985847,FALSE
"5_7_4_6_6",226.849961435507,0.044786712603635,0.663779101245263,0.778115501519757,FALSE
"5_7_4_6_7",219.211714674032,0.0450869038837347,0.666393442622951,0.781744421906694,FALSE
"5_7_4_7_3",231.160425335183,0.0451509824408118,0.66281512605042,0.78173719376392,FALSE
"5_7_4_7_4",244.989955411828,0.0449687811940892,0.662303664921466,0.777777777777778,FALSE
"5_7_4_7_5",242.494786362093,0.044995266183449,0.659038901601831,0.781278962001854,FALSE
"5_7_4_7_6",240.11909907314,0.0451469746352305,0.65989847715736,0.779231074118113,FALSE
"5_7_4_7_7",224.921277552857,0.044989871754772,0.662313432835821,0.77754590984975,FALSE
"5_7_5_3_3",237.383088828752,0.0447207960947523,0.659714599341383,0.786832740213523,FALSE
"5_7_5_3_4",226.757369614512,0.0449108549301023,0.663153070577452,0.786112519006589,FALSE
"5_7_5_3_5",240.153698366955,0.0448274702331111,0.664909197422378,0.784420289855073,FALSE
"5_7_5_3_6",251.496403601429,0.0445470727881242,0.662958843159066,0.780743565300286,FALSE
"5_7_5_3_7",225.377507324769,0.0448961318678983,0.66594711279007,0.787575150300601,FALSE
"5_7_5_4_3",257.599175682638,0.0449317007741232,0.66553911205074,0.785515320334262,FALSE
"5_7_5_4_4",234.510576426997,0.0452208403732286,0.662271373883454,0.789950203712087,FALSE
"5_7_5_4_5",240.500240500241,0.0448733886574327,0.662724692526017,0.785645472061657,FALSE
"5_7_5_4_6",232.709671413944,0.0449789421772439,0.660762211486849,0.788571428571429,FALSE
"5_7_5_4_7",243.30900243309,0.0453554103473284,0.663983903420523,0.786368633198974,FALSE
"5_7_5_5_3",248.237513653063,0.045447226192398,0.662737057919016,0.787788215200683,FALSE
"5_7_5_5_4",220.867567806343,0.045209727389881,0.660547021356313,0.786816269284712,FALSE
"5_7_5_5_5",239.635753654445,0.0452430938250219,0.659281437125748,0.787040695377321,FALSE
"5_7_5_5_6",249.053596333931,0.0454045928998874,0.663735343383585,0.786342472840145,FALSE
"5_7_5_5_7",240.465541287933,0.0452088138265104,0.66357421875,0.78471888515137,FALSE
"5_7_5_6_3",230.84025854109,0.0455884305917651,0.663050030138638,0.78647859922179,FALSE
"5_7_5_6_4",235.20556966789,0.0454651064421147,0.661430119176598,0.786628733997155,FALSE
"5_7_5_6_5",230.298005619271,0.0456421538732252,0.662566844919786,0.788815017598749,FALSE
"5_7_5_6_6",224.860586436409,0.0450113789259704,0.661248930710009,0.782203389830509,FALSE
"5_7_5_6_7",243.237984043588,0.0455005367034873,0.66023166023166,0.78695652173913,FALSE
"5_7_5_7_3",240.743415667582,0.0457209067861593,0.666959964804223,0.784090909090909,FALSE
"5_7_5_7_4",251.762336354481,0.0457590456469028,0.662799401197605,0.784552845528455,FALSE
"5_7_5_7_5",244.953948657652,0.0455241809956194,0.661388550548112,0.782028148682786,FALSE
"5_7_5_7_6",242.072137496974,0.0458749156589239,0.665593376264949,0.785070785070785,FALSE
"5_7_5_7_7",251.914550584442,0.0458051679875041,0.664410058027079,0.789022298456261,FALSE
"5_7_6_3_3",239.257345200498,0.0454262980199663,0.657013915005641,0.796892762410004,FALSE
"5_7_6_3_4",251.041823567806,0.0454075523785841,0.661006289308176,0.79216288897426,FALSE
"5_7_6_3_5",228.060572888159,0.0451938998732173,0.658777817025786,0.787528868360277,FALSE
"5_7_6_3_6",245.857304420514,0.0455693739901503,0.667640186915888,0.79322853688029,FALSE
"5_7_6_3_7",240.292195309496,0.0454795451808727,0.661930426261636,0.795127353266888,FALSE
"5_7_6_4_3",233.328666759998,0.04573402868108,0.662983425414365,0.793155510820332,FALSE
"5_7_6_4_4",232.385201710355,0.0457987290552361,0.664182376150811,0.793487957181088,FALSE
"5_7_6_4_5",256.291967809729,0.0457368079728566,0.662202380952381,0.790537210448497,FALSE
"5_7_6_4_6",237.789508726875,0.0457178496324089,0.664997496244367,0.792864222001982,FALSE
"5_7_6_4_7",249.687890137328,0.0457078792842908,0.664330763840224,0.792377131394183,FALSE
"5_7_6_5_3",240.396172892928,0.0459984273462408,0.660931174089069,0.791057990261178,FALSE
"5_7_6_5_4",233.983808320464,0.0460417820782207,0.664694280078895,0.791643139469226,FALSE
"5_7_6_5_5",249.31438544004,0.0458447984987825,0.663092046470063,0.795918367346939,FALSE
"5_7_6_5_6",248.163589438158,0.0460902308118631,0.666399679615539,0.791160220994475,FALSE
"5_7_6_5_7",234.907211651398,0.0457538153612879,0.66224538133586,0.790271132376396,FALSE
"5_7_6_6_3",229.821658393087,0.046174724027453,0.663931062782109,0.791312136139722,FALSE
"5_7_6_6_4",252.295892622868,0.0462484824573263,0.665699361578642,0.791889007470651,FALSE
"5_7_6_6_5",242.530073729142,0.0464002830086965,0.661863098301596,0.794770596941293,FALSE
"5_7_6_6_6",257.678829107401,0.0460878251536933,0.660491341119613,0.790732436472347,FALSE
"5_7_6_6_7",252.793366702058,0.0461479574146573,0.666919000757002,0.787213740458015,FALSE
"5_7_6_7_3",243.237984043588,0.0466416099240544,0.661770543866614,0.789970208540218,FALSE
"5_7_6_7_4",238.435860753457,0.0464346291282793,0.66412213740458,0.793752674368849,FALSE
"5_7_6_7_5",240.11909907314,0.0463024394131656,0.66025641025641,0.797057331303907,FALSE
"5_7_6_7_6",230.011960621952,0.0462705415745643,0.667293233082707,0.789296407185629,FALSE
"5_7_6_7_7",242.072137496974,0.0463268831032922,0.660027952480783,0.794333683105981,FALSE
"5_7_7_3_3",235.537968720558,0.0459549333612675,0.659974369927381,0.79836882646126,FALSE
"5_7_7_3_5",243.522306643289,0.0461328395290637,0.664526484751204,0.793089263677499,FALSE
"5_7_7_3_6",251.952632905014,0.0459971377831885,0.66008537886873,0.801044386422976,FALSE
"5_7_7_3_7",242.388985844483,0.0462796486258911,0.660941828254848,0.796658711217184,FALSE
"5_7_7_4_4",240.015360983103,0.0464840921591471,0.6606463878327,0.798367346938776,FALSE
"5_7_7_4_6",244.989955411828,0.0464030828228073,0.663316582914573,0.800658204043253,FALSE
"5_7_7_4_7",238.674877082438,0.0461825718008214,0.660224438902743,0.795300497062811,FALSE
"5_7_7_5_3",249.053596333931,0.0466257913333309,0.662860576923077,0.798087141339001,FALSE
"5_7_7_5_5",243.096071567483,0.0462216378404827,0.659785932721712,0.79662635264163,FALSE
"5_7_7_5_6",236.944365462989,0.0465873892670584,0.656160458452722,0.797927461139896,FALSE
"5_7_7_6_3",239.15435021763,0.046382163394671,0.661220043572985,0.794912559618442,FALSE
"5_7_7_6_4",258.197779499096,0.0466956301119876,0.663152345809172,0.802967359050445,FALSE
"5_7_7_6_5",258.478081058726,0.0467807165430085,0.663316582914573,0.797191887675507,FALSE
"5_7_7_6_7",254.919955134088,0.0469084870436007,0.668408551068884,0.79579982126899,FALSE
"5_7_7_7_4",245.242299391799,0.0469973273654936,0.659917165209388,0.79718875502008,FALSE
"5_7_7_7_5",249.202551834131,0.0470545268747034,0.663134411600669,0.799315068493151,FALSE
"5_7_7_7_6",256.963716723199,0.0466418679734311,0.65807962529274,0.795475966069746,FALSE
"6_5_5_7_5",245.062000686174,0.0396982348668267,0.588838268792711,0.725597804782438,FALSE
"6_5_6_5_4",228.060572888159,0.0395822723413123,0.588789682539683,0.733044733044733,FALSE
"6_5_6_6_5",239.704683829522,0.0398786718832514,0.590498812351544,0.739701222272522,FALSE
"6_5_6_6_7",241.056792980426,0.0401452287483139,0.596246648793566,0.735925475901175,FALSE
"6_5_6_7_4",233.165454206305,0.0401980800145815,0.591363636363636,0.736795383932534,FALSE
"6_5_6_7_5",237.687773340939,0.0403949770300824,0.595744680851064,0.737652922519257,FALSE
"6_5_6_7_6",230.904220929159,0.0400963889935948,0.595226730310263,0.729402261712439,FALSE
"6_5_7_3_3",212.829353424424,0.0399970701996163,0.597069597069597,0.741127348643006,FALSE
"6_5_7_3_7",229.789971965623,0.039932801333052,0.598740698340011,0.737494466578132,FALSE
"6_5_7_4_3",226.326271953648,0.0404178539548032,0.593998234774934,0.741310366041218,FALSE
"6_5_7_4_4",235.03972171297,0.0403973280912735,0.591726618705036,0.744276290259992,FALSE
"6_5_7_4_5",244.128704653093,0.0401290903429514,0.589090909090909,0.741025641025641,TRUE
"6_5_7_4_6",229.378842095605,0.0401375313156401,0.593397046046916,0.746963562753036,FALSE
"6_5_7_5_3",239.188672024493,0.0405830951784558,0.593220338983051,0.740531829170024,FALSE
"6_5_7_5_4",221.278102318995,0.0406767748335941,0.597007223942209,0.742016806722689,FALSE
"6_5_7_5_5",233.328666759998,0.0405854859624174,0.59051724137931,0.74559686888454,FALSE
"6_5_7_5_6",235.637871718743,0.0403570367307073,0.590489381348107,0.741629464285714,FALSE
"6_5_7_5_7",235.504686543262,0.0403865792037507,0.591797806390081,0.738416988416988,FALSE
"6_5_7_6_3",237.721675462369,0.0405649872423194,0.595164609053498,0.73919523099851,FALSE
"6_5_7_6_4",244.881966891958,0.0409620041436317,0.597111913357401,0.742024013722127,TRUE
"6_5_7_6_5",240.326844508532,0.0408713036162648,0.595933926302414,0.743814844373504,FALSE
"6_5_7_6_6",231.545799759192,0.0408377231607532,0.592208868628264,0.743296529968454,FALSE
"6_5_7_6_7",238.367658276125,0.040872272390169,0.597455470737913,0.742086752637749,FALSE
"6_5_7_7_3",231.932461267279,0.0407257330024938,0.588737201365188,0.742168674698795,FALSE
"6_5_7_7_4",231.900190158156,0.0409010137823167,0.593732193732194,0.7403951701427,FALSE
"6_5_7_7_5",232.09395163162,0.0409820186247872,0.594691857849753,0.743041749502982,FALSE
"6_5_7_7_6",223.984231510102,0.0407045941288802,0.593401885175664,0.741414977244518,FALSE
"6_5_7_7_7",236.641582658905,0.040801345811488,0.596351730589336,0.739896818572657,FALSE
"6_6_3_3_3",214.970549034782,0.0406384125645195,0.639425051334702,0.749445676274945,FALSE
"6_6_3_3_4",237.925291458482,0.0405573108894985,0.637281553398058,0.751442521083,FALSE
"6_6_3_3_5",235.106032820802,0.040921843514326,0.635437881873727,0.752031084422466,FALSE
"6_6_3_3_6",231.096320946571,0.0407420891060005,0.641525423728814,0.747352496217852,FALSE
"6_6_3_3_7",210.997172637887,0.0405874932828283,0.634074695761645,0.747493501670999,FALSE
"6_6_3_4_3",238.333571666905,0.0410948950800549,0.63476733977173,0.750528541226216,FALSE
"6_6_3_4_4",222.37046920169,0.0409138883722361,0.637271937445699,0.75,FALSE
"6_6_3_4_5",230.043708304578,0.040834321739751,0.635971223021583,0.746428571428571,FALSE
"6_6_3_4_6",229.441997063142,0.0409169514434249,0.635029802842733,0.746974281391831,FALSE
"6_6_3_4_7",209.353933760415,0.0409652614196345,0.635326335006846,0.749731855559528,FALSE
"6_6_3_5_3",215.387266304816,0.0411765048108743,0.64195450716091,0.74635241301908,FALSE
"6_6_3_5_4",228.84342532839,0.0410623449736444,0.633875106928999,0.747009304386354,FALSE
"6_6_3_5_5",229.347277647814,0.0415027350041751,0.641713990707279,0.747564935064935,FALSE
"6_6_3_5_6",222.04458655298,0.0414400868882052,0.643695763144461,0.749764373232799,FALSE
"6_6_3_5_7",224.225301583031,0.0409897092336613,0.635779122541604,0.74629718107979,FALSE
"6_6_3_6_3",222.786614980172,0.041579589171288,0.638666103841283,0.747243052492281,FALSE
"6_6_3_6_4",235.504686543262,0.0414212010406046,0.637798165137615,0.747822099954149,FALSE
"6_6_3_6_5",221.749157353202,0.0416948496719199,0.647351742870077,0.747314867156586,FALSE
"6_6_3_6_6",237.518407676595,0.0412650869611361,0.636600173460538,0.748520710059172,FALSE
"6_6_3_6_7",222.697309816497,0.0418866693604075,0.642949547218629,0.746740418806796,FALSE
"6_6_3_7_3",243.664717348928,0.0421046471798315,0.641917293233083,0.74818241903503,TRUE
"6_6_3_7_4",225.621587473489,0.0416994092526353,0.634626865671642,0.749122807017544,FALSE
"6_6_3_7_5",232.579774862778,0.0418378931781114,0.63877755511022,0.745762711864407,FALSE
"6_6_3_7_6",240.257556100139,0.0414562380358956,0.635394456289979,0.749560323601829,FALSE
"6_6_3_7_7",227.469177926391,0.0417227026223129,0.639103270856303,0.746957766642806,FALSE
"6_6_4_3_3",225.652134669194,0.0413240110651524,0.637614678899083,0.753674607197162,FALSE
"6_6_4_3_4",225.073148773351,0.0412898929152615,0.634874195435927,0.756844380403458,FALSE
"6_6_4_3_5",230.8082906338,0.0415267019327658,0.64089427107592,0.756549778315195,FALSE
"6_6_4_3_6",223.563603845294,0.041705462088954,0.633319553534518,0.758952637658837,FALSE
"6_6_4_3_7",243.522306643289,0.0412939794621688,0.634888438133874,0.754627806222922,FALSE
"6_6_4_4_3",222.133368874672,0.0417425574108957,0.634229828850856,0.758978451715882,FALSE
"6_6_4_4_4",237.079184447606,0.0416398224985736,0.636041263700838,0.753170731707317,FALSE
"6_6_4_4_5",228.812008054183,0.0418690318629913,0.63705035971223,0.756918474195961,FALSE
"6_6_4_4_6",225.103547631911,0.0416143456113989,0.635810517166449,0.754731264193793,FALSE
"6_6_4_4_7",238.163284748023,0.0418648440276945,0.635155096011817,0.75787656452309,FALSE
"6_6_4_5_3",227.283058320833,0.0423463208220688,0.639068564036222,0.759320782576597,FALSE
"6_6_4_5_4",233.394015777435,0.041973808201302,0.637849235635213,0.755637556375564,FALSE
"6_6_4_5_5",228.969180748271,0.0419134156949263,0.635940409683426,0.756378189094547,FALSE
"6_6_4_5_6",226.203402099168,0.0417739811759397,0.636974037600716,0.754177660510114,FALSE
"6_6_4_5_7",230.8082906338,0.0418295197816961,0.634975369458128,0.754621239579558,FALSE
"6_6_4_6_3",226.203402099168,0.0421932278480642,0.637494446912483,0.752084247476964,FALSE
"6_6_4_6_4",228.310502283105,0.0423391729693402,0.637326813365933,0.75453446191052,FALSE
"6_6_4_6_5",235.20556966789,0.0423928245707151,0.639644351464435,0.753582554517134,FALSE
"6_6_4_6_6",233.394015777435,0.0421932740203921,0.633333333333333,0.756778964667215,FALSE
"6_6_4_6_7",214.141933273374,0.0422992700940564,0.640156453715776,0.751669941060904,FALSE
"6_6_4_7_3",238.163284748023,0.0426811310407615,0.637973438268569,0.75503355704698,FALSE
"6_6_4_7_4",230.202578268877,0.0426220998851845,0.637722132471729,0.753529187333079,FALSE
"6_6_4_7_5",228.185469149325,0.0425856068435421,0.636577338975082,0.756631578947368,FALSE
"6_6_4_7_6",230.648583817695,0.0427369743941146,0.637032495401594,0.754371357202331,FALSE
"6_6_4_7_7",225.407988459111,0.0426612482558536,0.637308263236022,0.76056338028169,FALSE
"6_6_5_3_3",216.759873412234,0.0422832195947411,0.636622005684125,0.764320785597381,FALSE
"6_6_5_3_4",215.638073058179,0.0423773212287851,0.635799522673031,0.763581051716645,FALSE
"6_6_5_3_5",223.294033583423,0.0424531775749825,0.639420589756855,0.765293882447021,FALSE
"6_6_5_3_6",215.582287759238,0.0422752018726936,0.63781200212427,0.763147792706334,FALSE
"6_6_5_3_7",238.640702558228,0.0422954444673365,0.639072847682119,0.764275256222548,FALSE
"6_6_5_4_3",230.107229969166,0.0425541037185516,0.636453201970443,0.758792184724689,FALSE
"6_6_5_4_4",224.830253158865,0.0425298375111257,0.630676552363299,0.759917355371901,FALSE
"6_6_5_4_5",243.096071567483,0.0425490737564571,0.640501625638644,0.758383838383838,FALSE
"6_6_5_4_6",233.918128654971,0.0424868295519463,0.636511156186613,0.763627353815659,FALSE
"6_6_5_4_7",237.721675462369,0.0422939606743233,0.635702054794521,0.762407602956705,FALSE
"6_6_5_5_3",229.536794748198,0.0424555672712532,0.634615384615385,0.75916014820914,FALSE
"6_6_5_5_4",257.400257400257,0.0427115034321675,0.639217704580545,0.758247168882324,FALSE
"6_6_5_5_5",245.170148082769,0.0428492350107267,0.635891517599538,0.764496439471007,FALSE
"6_6_5_5_6",231.513636153169,0.0426947234466677,0.639980824544583,0.762157382847038,FALSE
"6_6_5_5_7",243.842965130456,0.0426562412671487,0.635523613963039,0.764679313459801,FALSE
"6_6_5_6_3",239.120038259206,0.0429369555117867,0.63392312385601,0.766272189349112,FALSE
"6_6_5_6_4",236.373091287288,0.0427318087606254,0.636314655172414,0.761018237082067,FALSE
"6_6_5_6_5",232.969900288883,0.0430700229681659,0.638263665594855,0.766014234875445,FALSE
"6_6_5_6_6",236.675186973398,0.0432246029244934,0.638843426077469,0.765137614678899,FALSE
"6_6_5_6_7",223.984231510102,0.0428485645525787,0.638153428377461,0.759816207184628,FALSE
"6_6_5_7_3",240.465541287933,0.0431338676796424,0.639579349904398,0.763231197771588,FALSE
"6_6_5_7_4",247.978971383227,0.0431031696030926,0.631321370309951,0.761562178828366,FALSE
"6_6_5_7_5",231.320842007865,0.0433007049552512,0.642376237623762,0.764537654909438,FALSE
"6_6_5_7_6",221.867234646787,0.0432381916446344,0.635642737896494,0.762982689747004,FALSE
"6_6_5_7_7",225.194793496374,0.043028694498202,0.636676711149376,0.764892772041303,FALSE
"6_6_6_3_3",238.9486260454,0.0428831934463084,0.637013857845329,0.768998272884283,FALSE
"6_6_6_3_4",227.842333105491,0.0432204345957377,0.638430673205528,0.766369047619048,FALSE
"6_6_6_3_5",237.450728973738,0.0429074587186282,0.634073185362927,0.768878718535469,FALSE
"6_6_6_3_6",234.77485091797,0.0429279436142709,0.632400183570445,0.771739130434783,FALSE
"6_6_6_3_7",222.281497288166,0.0430862366850723,0.638175546186278,0.768874643874644,FALSE
"6_6_6_4_3",226.973534885832,0.0431942304674243,0.638979370249729,0.770642201834862,FALSE
"6_6_6_4_4",230.234378597412,0.0432754617427449,0.639857369255151,0.769595176571921,FALSE
"6_6_6_4_5",233.885302647582,0.0431366301247436,0.635721017907634,0.76977989292088,FALSE
"6_6_6_4_6",238.57238286096,0.0432158794188788,0.636275928605885,0.770405727923628,FALSE
"6_6_6_4_7",231.738969225065,0.0432061248186654,0.632533333333333,0.767452006980803,FALSE
"6_6_6_5_3",236.574402649633,0.0434357540286705,0.639502762430939,0.767284229552643,FALSE
"6_6_6_5_4",233.067636228033,0.0433549155492789,0.635345666991237,0.768251273344652,FALSE
"6_6_6_5_5",230.425365224204,0.0435164825950706,0.636203090507726,0.76875884851345,FALSE
"6_6_6_5_6",228.812008054183,0.043450304967233,0.635700389105058,0.766937669376694,FALSE
"6_6_6_5_7",239.773653670935,0.0438062905290511,0.639320388349515,0.775200713648528,FALSE
"6_6_6_6_3",234.279823821573,0.0433264904136227,0.636790748102638,0.76817981489643,FALSE
"6_6_6_6_4",256.095062487195,0.0436639319982853,0.637947725072604,0.767703862660944,FALSE
"6_6_6_6_5",237.552261497529,0.0433532439320552,0.635028248587571,0.765957446808511,FALSE
"6_6_6_6_6",246.220515093318,0.0436022224567759,0.635058944131215,0.771352785145889,FALSE
"6_6_6_6_7",233.132839091714,0.0435350437968467,0.63628762541806,0.768611670020121,FALSE
"6_6_6_7_3",240.084509747431,0.0439053128410228,0.639932460953989,0.771586558911102,FALSE
"6_6_6_7_4",241.126543209877,0.044132079520652,0.642646439106616,0.769643728648121,FALSE
"6_6_6_7_5",242.318503440923,0.0434835587879602,0.637366678926076,0.766508416055244,FALSE
"6_6_6_7_6",251.838420469427,0.0438977928631277,0.634391534391534,0.769427402862986,FALSE
"6_6_6_7_7",244.343449152128,0.0440919507698131,0.638651685393258,0.773722627737226,FALSE
"6_6_7_3_3",224.951635398389,0.0436259901895348,0.636008676789588,0.779064381658175,FALSE
"6_6_7_3_4",226.695683714182,0.0438994651512087,0.641904761904762,0.778447626224567,FALSE
"6_6_7_3_5",245.966155057064,0.0435155704488603,0.631263616557734,0.778427787934186,FALSE
"6_6_7_3_6",230.776331579433,0.0435879575879291,0.642733063115229,0.774055595153243,FALSE
"6_6_7_3_7",229.948491537896,0.04360203416995,0.630559916274202,0.777507105156313,FALSE
"6_6_7_4_3",240.952243265385,0.0440455226618411,0.641123882503193,0.775951557093426,FALSE
"6_6_7_4_4",234.477583942975,0.0436994524523981,0.636445647271087,0.773049645390071,FALSE
"6_6_7_4_5",233.983808320464,0.0439077168115565,0.632899628252788,0.776652194886638,FALSE
"6_6_7_4_6",242.28327760818,0.0438774873054748,0.639508420573509,0.777611940298507,FALSE
"6_6_7_4_7",223.44371452831,0.0441344121562091,0.635658914728682,0.777777777777778,FALSE
"6_6_7_5_3",247.831474597274,0.0439032477622837,0.633923472301542,0.773226351351351,FALSE
"6_6_7_5_4",240.396172892928,0.0437440493619194,0.632552404438964,0.771993543179984,FALSE
"6_6_7_5_5",240.326844508532,0.0442036965606047,0.639564992232004,0.775987525987526,FALSE
"6_6_7_5_6",242.989745832726,0.0441710981280695,0.640436530729466,0.772865853658537,FALSE
"6_6_7_5_7",236.877013454614,0.0442187528279159,0.634646962233169,0.776509747979077,FALSE
"6_6_7_6_3",239.291696578129,0.0441234508462586,0.638287638287638,0.775275013095862,FALSE
"6_6_7_6_4",241.861365065544,0.0443319655653226,0.638150289017341,0.775240384615385,FALSE
"6_6_7_6_5",237.857380714524,0.0444255432174744,0.638031319910515,0.775366250678242,FALSE
"6_6_7_6_6",234.246896228625,0.0443778971671382,0.63653483992467,0.77719298245614,FALSE
"6_6_7_6_7",233.165454206305,0.0442551236291475,0.641907381934892,0.778345724907063,FALSE
"6_6_7_7_3",243.557893711335,0.0446864533915508,0.635806253832005,0.776603498542274,FALSE
"6_6_7_7_4",250.852899859522,0.0445110502956225,0.637362637362637,0.77411519777932,FALSE
"6_6_7_7_5",231.738969225065,0.0447794147565365,0.64074427480916,0.774111675126904,FALSE
"6_6_7_7_6",235.904694503421,0.0448106064064117,0.635983263598326,0.778858350951374,FALSE
"6_6_7_7_7",250.588883877111,0.0444430553990506,0.638120333772508,0.773522064945878,FALSE
"6_7_3_3_3",234.246896228625,0.0445260811085738,0.677087985707905,0.782273603082852,FALSE
"6_7_3_3_4",231.932461267279,0.0446243104456001,0.680094786729858,0.780399274047187,FALSE
"6_7_3_3_5",232.579774862778,0.0443864669501718,0.6771476698484,0.781068217874141,FALSE
"6_7_3_3_6",217.098693065868,0.0442677373132729,0.671137605563835,0.777726218097448,FALSE
"6_7_3_3_7",221.014012288379,0.0443621308326352,0.673404255319149,0.779460769463799,FALSE
"6_7_3_4_3",238.845896627496,0.044281201636472,0.673586572438163,0.779646761984861,FALSE
"6_7_3_4_4",230.298005619271,0.0445065793537419,0.674407114624506,0.777348279860843,FALSE
"6_7_3_4_5",236.944365462989,0.0448252385450558,0.671596124426313,0.779811097992916,FALSE
"6_7_3_4_6",232.677183675369,0.0443088297083141,0.677270631627478,0.779524214103653,FALSE
"6_7_3_4_7",229.505186817222,0.0444920144070347,0.677162048698573,0.778449905482042,FALSE
"6_7_3_5_3",238.504102270559,0.0449651048226838,0.67808564231738,0.78090405904059,FALSE
"6_7_3_5_4",236.675186973398,0.0449241778756684,0.672988505747126,0.778744846541457,FALSE
"6_7_3_5_5",221.572276876717,0.0448989913368781,0.670990056204064,0.779910167415272,FALSE
"6_7_3_5_6",239.601303431091,0.044925862702088,0.677032187670486,0.77970177970178,FALSE
"6_7_3_5_7",240.88259382377,0.0448748313879177,0.675977653631285,0.783314876338132,FALSE
"6_7_3_6_3",240.778195126649,0.0450432081534531,0.66975959510755,0.778373547810545,FALSE
"6_7_3_6_4",229.000641201795,0.045543632462097,0.681509754028838,0.778766492789199,FALSE
"6_7_3_6_5",219.298245614035,0.045161740869087,0.677935130196437,0.780367548184671,FALSE
"6_7_3_6_6",240.534949728195,0.0451092241538009,0.672681704260652,0.782008830022075,FALSE
"6_7_3_6_7",233.623025885431,0.045079665617593,0.676567656765677,0.785869094061552,FALSE
"6_7_3_7_3",239.946252039543,0.0455246404840303,0.676878889420775,0.778717406624383,FALSE
"6_7_3_7_4",237.925291458482,0.0451161087090544,0.675316034597472,0.779240315908236,FALSE
"6_7_3_7_5",237.857380714524,0.045260321888582,0.673922902494331,0.780590717299578,FALSE
"6_7_3_7_6",240.534949728195,0.0453533293920798,0.675625,0.779495798319328,FALSE
"6_7_3_7_7",238.743255503032,0.0454200935026878,0.676423629590208,0.782168674698795,FALSE
"6_7_4_3_3",226.418511977539,0.0453555039324376,0.677704194260486,0.786768726079825,FALSE
"6_7_4_3_4",231.964741359313,0.0449507274501681,0.674392097264438,0.788284839203675,FALSE
"6_7_4_3_5",230.648583817695,0.0449136236812729,0.672520170859041,0.785036496350365,FALSE
"6_7_4_3_6",230.872235304982,0.0449386443475853,0.672473867595819,0.786102971954793,FALSE
"6_7_4_3_7",241.756116429746,0.044983186954676,0.674136321195145,0.786781349026709,FALSE
"6_7_4_4_3",233.100233100233,0.045329416302518,0.675614194722475,0.786644267114658,FALSE
"6_7_4_4_4",242.600679281902,0.0455022700149184,0.675227837613919,0.787337057728119,FALSE
"6_7_4_4_5",233.394015777435,0.0453731568909668,0.67701076630779,0.788542544229149,FALSE
"6_7_4_4_6",234.973448000376,0.0454923884807638,0.674464907914385,0.787028518859246,FALSE
"6_7_4_4_7",238.299494805071,0.0454720840435384,0.671989641778161,0.783295711060948,FALSE
"6_7_4_5_3",242.812742812743,0.0457635290920921,0.676651982378855,0.789001560062403,FALSE
"6_7_4_5_4",245.062000686174,0.0457132684744709,0.675368139223561,0.789046653144016,FALSE
"6_7_4_5_5",249.351685617395,0.0454145058075195,0.672872340425532,0.787693752935651,FALSE
"6_7_4_5_6",230.075464752439,0.0457318881605626,0.674005080440305,0.787418655097614,FALSE
"6_7_4_5_7",223.473674801108,0.0456369205229396,0.676810972996142,0.788577154308617,FALSE
"6_7_4_6_3",250.890661849566,0.0457742751086414,0.672285378283026,0.786977794505081,FALSE
"6_7_4_6_4",245.929860803699,0.0459719708260335,0.675255623721881,0.786821705426357,FALSE
"6_7_4_6_5",231.706751934751,0.0460462965615226,0.678812415654521,0.788357588357588,FALSE
"6_7_4_6_6",231.417198926224,0.0459235313046333,0.678787878787879,0.785688857244571,FALSE
"6_7_4_6_7",219.52932911837,0.0458858782520329,0.676494023904383,0.787627310448887,FALSE
"6_7_4_7_3",250.137575666617,0.0455799969780558,0.675297773174521,0.786051212938005,FALSE
"6_7_4_7_4",240.639137549331,0.0461805086223152,0.674343434343434,0.787340795059822,FALSE
"6_7_4_7_5",243.664717348928,0.0458843720301242,0.673704414587332,0.783586626139818,FALSE
"6_7_4_7_6",252.06694898165,0.0459935618082019,0.677165354330709,0.788493377483444,FALSE
"6_7_4_7_7",230.776331579433,0.0463132744644845,0.676393565282454,0.788224956063269,FALSE
"6_7_5_3_3",235.504686543262,0.0459357960579062,0.67794043412418,0.795717592592593,FALSE
"6_7_5_3_4",225.591048547194,0.0457064776472261,0.675838673200151,0.795454545454545,FALSE
"6_7_5_3_5",234.77485091797,0.0458384773778957,0.67719298245614,0.789033767970578,FALSE
"6_7_5_3_6",239.704683829522,0.0461039391290045,0.67686904164576,0.793861658268438,FALSE
"6_7_5_3_7",228.123003923716,0.0460100294208581,0.675753820735233,0.792003593890386,FALSE
"6_7_5_4_3",212.829353424424,0.0462334891971217,0.675531914893617,0.79273119827276,FALSE
"6_7_5_4_4",235.704520812709,0.0460429552671913,0.672727272727273,0.789891395154553,FALSE
"6_7_5_4_6",222.697309816497,0.0461625546422845,0.678750697155605,0.793673110720562,FALSE
"6_7_5_4_7",238.027230315148,0.0459259726739131,0.673810768426555,0.791175185670599,FALSE
"6_7_5_5_3",223.954134193317,0.0463196063739342,0.673740053050398,0.796331138287865,FALSE
"6_7_5_5_5",234.543578196829,0.0463411879295501,0.674846625766871,0.794242567248702,FALSE
"6_7_5_5_6",227.035372110975,0.0467021476271885,0.67754897036665,0.796049979846836,FALSE
"6_7_5_5_7",239.085736144982,0.0467033723947669,0.672901678657074,0.797502926258291,FALSE
"6_7_5_6_3",237.484563503372,0.046678410982237,0.675502008032129,0.794751640112465,FALSE
"6_7_5_6_4",242.1776615325,0.0463474973369978,0.674351585014409,0.793656326246079,FALSE
"6_7_5_6_5",240.257556100139,0.0464310630532166,0.674199623352166,0.792212951926897,FALSE
"6_7_5_6_6",242.600679281902,0.0464712728639771,0.680933852140078,0.794248884481904,FALSE
"6_7_5_6_7",240.188307633184,0.0467180680986717,0.679475587703436,0.79277201076509,FALSE
"6_7_5_7_3",254.220052877771,0.0466977561983356,0.674800796812749,0.795355587808418,FALSE
"6_7_5_7_4",236.843351807115,0.0469303780336965,0.678965021562051,0.79481991096722,FALSE
"6_7_5_7_5",241.615927321929,0.0467664494200138,0.679200380771061,0.791155866900175,FALSE
"6_7_5_7_6",230.329832319882,0.046819286404606,0.676658673061551,0.794373744139317,FALSE
"6_7_6_3_3",243.664717348928,0.046618849505711,0.674641148325359,0.802777777777778,FALSE
"6_7_6_3_4",232.579774862778,0.0463648906276523,0.673883003224321,0.799094707520891,FALSE
"6_7_6_3_5",245.929860803699,0.046576602971692,0.677822400713967,0.79679802955665,FALSE
"6_7_6_3_7",224.164985429276,0.0466255773068214,0.676612549363756,0.797630331753554,FALSE
"6_7_6_4_3",235.637871718743,0.0468274472585488,0.674474187380497,0.79917864476386,FALSE
"6_7_6_4_4",229.252636405319,0.0466348111208278,0.675731144176501,0.797989031078611,FALSE
"6_7_6_4_6",246.584800512896,0.0470128552777923,0.677771993753253,0.798681318681319,FALSE
"6_7_6_5_3",236.97805583203,0.0472224758683669,0.674470959027465,0.79943342776204,FALSE
"6_7_6_5_6",234.70872647045,0.047082135571438,0.677308447937132,0.795831561037856,FALSE
"6_7_6_5_7",251.648296341034,0.0472203284148069,0.675088131609871,0.802631578947368,FALSE
"6_7_6_6_4",232.255667038276,0.0472210879635945,0.677867383512545,0.797382861967075,FALSE
"6_7_6_6_5",240.743415667582,0.047039638333659,0.674167416741674,0.796428571428571,FALSE
"6_7_6_6_6",242.036983251041,0.0473629081263355,0.676272814601345,0.799672489082969,FALSE
"6_7_6_6_7",232.029328507123,0.0471579465384169,0.675124103695532,0.799285482299448,FALSE
"6_7_6_7_3",232.417607957979,0.0470533203206086,0.672342924251321,0.79610750695088,FALSE
"6_7_6_7_5",242.212856658431,0.0472082243946732,0.673076923076923,0.8,FALSE
"6_7_6_7_6",237.112913169251,0.0469574260982427,0.673789173789174,0.799359658484525,FALSE
"6_7_7_3_7",253.408342202625,0.0471253218620308,0.675803402646503,0.804008908685969,FALSE
"6_7_7_4_3",230.936215417302,0.0475079436083279,0.678837291740518,0.802829758101324,FALSE
"6_7_7_4_7",240.987083092346,0.0475766896903127,0.675343114055845,0.799478196049199,FALSE
"6_7_7_5_5",245.676100628931,0.047476404005394,0.672955974842767,0.805263157894737,FALSE
"7_5_4_6_4",225.743825906361,0.0398292376786901,0.610486891385768,0.732452142206016,FALSE
"7_5_4_7_5",243.842965130456,0.0396365561833761,0.605792832596956,0.724137931034483,FALSE
"7_5_4_7_7",226.387756950104,0.0399477806117013,0.605956471935853,0.730738993710692,FALSE
"7_5_5_3_4",235.106032820802,0.0394082102719188,0.605388961321165,0.734411085450346,FALSE
"7_5_5_3_6",236.507260772906,0.0396193099981083,0.611734693877551,0.731967562953478,FALSE
"7_5_5_4_3",231.192490867897,0.0399089664754376,0.609200968523002,0.735420098846787,FALSE
"7_5_5_5_3",236.809699725301,0.039992215282241,0.610369206598586,0.733602052033712,FALSE
"7_5_5_5_7",227.593427101825,0.0403026668529883,0.607681755829904,0.738695859114707,FALSE
"7_5_5_6_3",235.03972171297,0.0404189916002502,0.607448630136986,0.737629937629938,FALSE
"7_5_5_6_4",235.338416643133,0.0402661370691656,0.609838846480068,0.73652133145804,FALSE
"7_5_5_6_5",220.341970738586,0.0405691373017087,0.60881417537483,0.737001733102253,FALSE
"7_5_5_6_6",228.43567251462,0.0403370336695834,0.612843182875756,0.736249458640104,FALSE
"7_5_5_6_7",225.347034433027,0.0405303248970037,0.613897280966767,0.736723163841808,FALSE
"7_5_5_7_3",230.107229969166,0.040969689669075,0.610306890561668,0.735793790275337,FALSE
"7_5_5_7_4",231.99703043801,0.0405599619059749,0.607619990103909,0.734955185659411,FALSE
"7_5_5_7_5",225.438477839398,0.0404563553242804,0.611845325501713,0.736095128500192,FALSE
"7_5_5_7_6",228.091784133935,0.0405542834914479,0.60532250789355,0.735922330097087,FALSE
"7_5_5_7_7",237.857380714524,0.0407402281801701,0.614182692307692,0.737531486146096,FALSE
"7_5_6_3_3",221.072644470973,0.0401920461826273,0.611940298507463,0.742452830188679,FALSE
"7_5_6_3_4",212.152070604209,0.0406143914296717,0.610924772400575,0.744956223829463,FALSE
"7_5_6_3_5",215.387266304816,0.0404679505384221,0.611658133123277,0.741935483870968,FALSE
"7_5_6_3_7",233.688539914003,0.0406328719058279,0.608536025699862,0.744635193133047,FALSE
"7_5_6_4_3",219.876868953386,0.0406134268460098,0.612078977932636,0.742508324084351,FALSE
"7_5_6_4_4",228.216714592177,0.0406461756318632,0.611441647597254,0.742846094354215,FALSE
"7_5_6_4_5",235.20556966789,0.0405875866098048,0.608336462636125,0.741372625048468,FALSE
"7_5_6_4_6",226.449275362319,0.0405654694895232,0.610134003350084,0.745210084033613,FALSE
"7_5_6_4_7",242.072137496974,0.0406301223545793,0.611028315946349,0.745548266166823,TRUE
"7_5_6_5_3",236.373091287288,0.0410389247247356,0.610247553252735,0.748354430379747,FALSE
"7_5_6_5_4",229.789971965623,0.0407744487292322,0.608764311093565,0.742487286176607,FALSE
"7_5_6_5_5",222.04458655298,0.0406612454029156,0.606731998295697,0.744933078393881,FALSE
"7_5_6_5_6",240.917413510649,0.041038559856262,0.608628659476117,0.744440393729493,FALSE
"7_5_6_5_7",219.702961595922,0.0409361108387398,0.614490161001789,0.743918053777209,FALSE
"7_5_6_6_3",220.95541119802,0.0412121168841673,0.616412213740458,0.742738589211618,FALSE
"7_5_6_6_4",232.35280449835,0.0407445806614967,0.603899191631003,0.741760372237301,FALSE
"7_5_6_6_5",226.080665581479,0.0412327441467991,0.607230092818759,0.744444444444444,FALSE
"7_5_6_6_6",239.980801535877,0.0412164606891053,0.608155146693187,0.746174617461746,FALSE
"7_5_6_6_7",233.263354327035,0.0410542883813498,0.605628220372572,0.741017964071856,FALSE
"7_5_6_7_3",223.14455304146,0.0411907600142863,0.605206073752712,0.744426751592357,FALSE
"7_5_6_7_4",241.580905445234,0.0411494602383607,0.612303881090008,0.742045454545455,FALSE
"7_5_6_7_5",233.03504847129,0.041302124719961,0.606220657276995,0.746973365617433,FALSE
"7_5_6_7_6",236.574402649633,0.0413950837627247,0.609645131938126,0.744282744282744,FALSE
"7_5_6_7_7",231.128368695974,0.0413920875926448,0.61038961038961,0.743192738921516,FALSE
"7_5_7_3_3",237.214156940886,0.0410689332884911,0.605393258426966,0.750674373795761,FALSE
"7_5_7_3_4",225.255665179979,0.0412936266348343,0.610623170221665,0.751235584843493,FALSE
"7_5_7_3_5",229.916770129213,0.0412159963633469,0.6140619029423,0.753723404255319,FALSE
"7_5_7_3_6",236.507260772906,0.0411985083466991,0.607800650054171,0.753744493392071,FALSE
"7_5_7_3_7",239.326057821176,0.0409966369700615,0.606047700170358,0.749095840867993,FALSE
"7_5_7_4_3",244.450963136795,0.0416692553187907,0.614044079958995,0.754267744833783,FALSE
"7_5_7_4_4",232.514880952381,0.0413471321303647,0.609922178988327,0.751699320271891,FALSE
"7_5_7_4_5",250.890661849566,0.0412706012260707,0.607512248230811,0.750961538461538,TRUE
"7_5_7_4_6",215.917433173554,0.0416091551817551,0.611179613645705,0.751491053677932,FALSE
"7_5_7_4_7",235.371651838253,0.0412655618418013,0.608840304182509,0.752188808526837,FALSE
"7_5_7_5_3",224.982001439885,0.0415685048944356,0.606440071556351,0.75491759702286,FALSE
"7_5_7_5_4",227.221086116792,0.0414055832800263,0.611890999174236,0.750596658711217,FALSE
"7_5_7_5_5",230.361667818475,0.0417161187179561,0.611510791366906,0.75187969924812,FALSE
"7_5_7_5_6",241.091663050292,0.0415647326710725,0.61115569823435,0.753439940498327,FALSE
"7_5_7_5_7",233.263354327035,0.0417138117669463,0.608405945668888,0.752075063154096,FALSE
"7_5_7_6_3",240.569668976135,0.0417576226094172,0.61012548680225,0.751637043966324,FALSE
"7_5_7_6_4",216.506451892266,0.0420018819892916,0.614473684210526,0.751491053677932,FALSE
"7_5_7_6_5",246.62128834961,0.0414337738823162,0.607915893630179,0.748523792983675,TRUE
"7_5_7_6_6",222.459512368749,0.0418591010835381,0.604432132963989,0.753068055039048,FALSE
"7_5_7_6_7",226.357010276608,0.0417924098878328,0.607808340727595,0.74969474969475,FALSE
"7_5_7_7_3",242.848122784011,0.0419058092224001,0.604285714285714,0.75,TRUE
"7_5_7_7_4",239.463601532567,0.042156876060891,0.611217948717949,0.754484304932735,FALSE
"7_5_7_7_5",227.004449287206,0.042058114053297,0.614015572858732,0.753315649867374,FALSE
"7_5_7_7_6",230.520977408944,0.0419891977979807,0.608513873052071,0.752380952380952,FALSE
"7_5_7_7_7",243.878645985757,0.041977827648806,0.612414467253177,0.752323232323232,FALSE
"7_6_3_3_3",233.819678264123,0.0416843784227081,0.644655581947743,0.754985754985755,FALSE
"7_6_3_3_4",228.937728937729,0.0417959215456211,0.647656691134952,0.752308527973927,FALSE
"7_6_3_3_5",227.159147698878,0.0419941777057662,0.654310703873386,0.759981211836543,FALSE
"7_6_3_3_6",235.604561304307,0.0418693271158473,0.646493756003843,0.756451612903226,FALSE
"7_6_3_3_7",235.30519083251,0.0419402963092996,0.64925709140027,0.761860028182245,FALSE
"7_6_3_4_3",227.283058320833,0.041857361840979,0.647176611934321,0.75760582010582,FALSE
"7_6_3_4_4",229.694965086365,0.0417923044181483,0.647755303404045,0.76018876018876,FALSE
"7_6_3_4_5",231.064282083276,0.0422719859502332,0.654387417218543,0.75390625,FALSE
"7_6_3_4_6",236.776057205095,0.0422482547533763,0.655649843680214,0.757687576875769,FALSE
"7_6_3_4_7",230.361667818475,0.0422986561433675,0.650947982498785,0.759541984732824,FALSE
"7_6_3_5_3",232.677183675369,0.0423169747282235,0.6496,0.759018759018759,FALSE
"7_6_3_5_4",237.721675462369,0.0423005929841834,0.648661567877629,0.757073844030366,FALSE
"7_6_3_5_5",224.436663973427,0.0421903616501679,0.65073787772312,0.754797441364606,FALSE
"7_6_3_5_6",220.63365987115,0.0421108774793159,0.648444444444444,0.755738880918221,FALSE
"7_6_3_5_7",229.505186817222,0.0428652749263804,0.652658662092624,0.758512856150104,FALSE
"7_6_3_6_3",228.529640294346,0.0424113704026237,0.65042735042735,0.752304147465438,FALSE
"7_6_3_6_4",222.756838634946,0.0427232856577937,0.650402144772118,0.759064723822433,FALSE
"7_6_3_6_5",234.477583942975,0.042551338363559,0.647670737222976,0.755713159968479,FALSE
"7_6_3_6_6",234.246896228625,0.0426468175423007,0.655092592592593,0.757453666398066,FALSE
"7_6_3_6_7",230.425365224204,0.0424980145873564,0.653394589076059,0.752827140549273,FALSE
"7_6_3_7_3",224.769611148573,0.0428382740125695,0.649323621227888,0.758158708347647,FALSE
"7_6_3_7_4",243.451163696562,0.042816622025461,0.647491349480969,0.758643398090221,FALSE
"7_6_3_7_5",218.780082261311,0.0429116555237008,0.649286768322676,0.757506651463322,FALSE
"7_6_3_7_6",236.406619385343,0.0429170956108459,0.650363783346807,0.758370535714286,FALSE
"7_6_3_7_7",242.706664725013,0.0429322999012145,0.649720149253731,0.757562076749436,FALSE
"7_6_4_3_3",224.709001842614,0.042542506798262,0.65032414910859,0.763423364790107,FALSE
"7_6_4_3_4",226.695683714182,0.0424619134096804,0.649775784753363,0.763697197825178,FALSE
"7_6_4_3_5",225.560517886949,0.0424995628771633,0.651693947468595,0.764563106796116,FALSE
"7_6_4_3_6",234.181068802398,0.0426384747071097,0.650290544109879,0.764410058027079,FALSE
"7_6_4_3_7",227.624510607302,0.0425795332326703,0.650969529085873,0.764451435312623,FALSE
"7_6_4_4_3",241.301095506974,0.0425656313585067,0.644435674822415,0.762321510824505,FALSE
"7_6_4_4_4",229.600036736006,0.0429684623927613,0.6494960806271,0.76648160999306,FALSE
"7_6_4_4_5",231.096320946571,0.0431559792878483,0.654771140418929,0.764067127344521,FALSE
"7_6_4_4_6",224.860586436409,0.0429637458770229,0.652655889145497,0.764024107556792,FALSE
"7_6_4_4_7",227.035372110975,0.0430379950676186,0.652677279305355,0.763025858741799,FALSE
"7_6_4_5_3",232.612235403582,0.0432928760019508,0.651500938086304,0.766351118760757,FALSE
"7_6_4_5_4",238.163284748023,0.0432451982432931,0.648713060057197,0.767054908485857,FALSE
"7_6_4_5_5",227.035372110975,0.0431133313481592,0.649212430821626,0.765025203567274,FALSE
"7_6_4_5_6",225.652134669194,0.0434488334965051,0.655639097744361,0.765089722675367,FALSE
"7_6_4_5_7",231.288740864095,0.0429957846857095,0.64404296875,0.763313609467456,FALSE
"7_6_4_6_3",256.291967809729,0.0435913626925057,0.65220789370848,0.769723865877712,FALSE
"7_6_4_6_4",236.138660621517,0.0434357632943236,0.652044293015332,0.764730119489081,FALSE
"7_6_4_6_5",228.02937018288,0.0432695032971503,0.652317880794702,0.766116352201258,FALSE
"7_6_4_6_6",219.760900140647,0.043245084928128,0.652364273204904,0.758008658008658,FALSE
"7_6_4_6_7",227.469177926391,0.0433877126458582,0.651318730442557,0.761337305527971,FALSE
"7_6_4_7_3",241.68600154679,0.0434178436495501,0.647256438969765,0.762190547636909,FALSE
"7_6_4_7_4",240.6043982484,0.0436157091991585,0.654732712113781,0.763815291445874,FALSE
"7_6_4_7_5",229.063588052043,0.0432899144843875,0.649212233549583,0.763927576601671,FALSE
"7_6_4_7_6",237.416904083571,0.0436882687303115,0.65012285012285,0.763516141579152,FALSE
"7_6_4_7_7",228.216714592177,0.0432866820760585,0.647058823529412,0.761555075593953,FALSE
"7_6_5_3_3",249.837605556388,0.04307021253927,0.646382189239332,0.770453482935951,FALSE
"7_6_5_3_4",228.84342532839,0.0432450194709392,0.652785593697243,0.771656686626746,FALSE
"7_6_5_3_5",238.265427686443,0.043232155096509,0.647784376427592,0.771055179090029,FALSE
"7_6_5_3_6",219.182886200245,0.0436552305386824,0.653012048192771,0.770795495822739,FALSE
"7_6_5_3_7",220.312844238819,0.0430351042670108,0.648876404494382,0.765820386510042,FALSE
"7_6_5_4_3",229.095074455899,0.0437527963749337,0.649418604651163,0.77016317016317,FALSE
"7_6_5_4_4",232.742168226039,0.043498993862006,0.651515151515151,0.768230193141506,FALSE
"7_6_5_4_5",242.248062015504,0.0436110600220253,0.65174672489083,0.770875352964905,FALSE
"7_6_5_4_6",231.964741359313,0.0435599712593705,0.654698242933537,0.768847006651885,FALSE
"7_6_5_4_7",242.671325956125,0.043630459912597,0.650403225806452,0.774099318403116,FALSE
"7_6_5_5_3",253.215841183024,0.044024940433998,0.6484375,0.772262026612078,FALSE
"7_6_5_5_4",236.944365462989,0.0436485775679927,0.651358024691358,0.769487750556793,FALSE
"7_6_5_5_5",238.9486260454,0.0438573333128295,0.647614761476148,0.770512820512821,FALSE
"7_6_5_5_6",224.346031318706,0.0436801413462516,0.648393194706994,0.771104577908442,FALSE
"7_6_5_5_7",228.812008054183,0.0438235078925076,0.651818553330609,0.767705382436261,FALSE
"7_6_5_6_3",255.427841634738,0.0441274477125388,0.649757150566649,0.774647887323944,FALSE
"7_6_5_6_4",218.321543969959,0.0441134909378954,0.65272136474411,0.769856644711352,FALSE
"7_6_5_6_5",234.807927115619,0.0439813378618562,0.650960942343459,0.769191919191919,FALSE
"7_6_5_6_6",235.737859500236,0.044200792125159,0.648917748917749,0.774653031409788,FALSE
"7_6_5_6_7",238.57238286096,0.0437945600090799,0.649225840896957,0.769617706237425,FALSE
"7_6_5_7_3",246.184145741014,0.0443809414755304,0.648241206030151,0.770712046574116,FALSE
"7_6_5_7_4",252.410520470493,0.0443181554483747,0.650754992693619,0.767371601208459,FALSE
"7_6_5_7_5",231.803430690774,0.044241127168435,0.652703360935217,0.769653423499577,FALSE
"7_6_5_7_6",245.676100628931,0.0443065196089677,0.652476107732407,0.76843910806175,FALSE
"7_6_5_7_7",243.30900243309,0.0443844555433976,0.654177594604721,0.768443496801706,FALSE
"7_6_6_3_3",244.917952485917,0.0440337147700269,0.652137468566639,0.780672666982473,FALSE
"7_6_6_3_4",240.222926876141,0.0441172264045238,0.654900139340455,0.775403856175091,FALSE
"7_6_6_3_5",221.30748461913,0.0441974542779727,0.652087475149105,0.778260869565217,FALSE
"7_6_6_3_6",245.712320015726,0.0440122933269047,0.652046783625731,0.776920108066384,FALSE
"7_6_6_3_7",231.288740864095,0.0440260350691942,0.650347222222222,0.775790921595598,FALSE
"7_6_6_4_3",252.410520470493,0.0443819061543703,0.647732696897375,0.778830963665087,FALSE
"7_6_6_4_4",233.426704014939,0.0442640241670971,0.651471197679237,0.775190326914465,FALSE
"7_6_6_4_5",240.43085208694,0.0440325441087187,0.64384236453202,0.780531771068049,FALSE
"7_6_6_4_6",249.538354045017,0.0444209054452714,0.653905845835489,0.777113237639553,FALSE
"7_6_6_4_7",246.511857220332,0.0447306748918626,0.652092148566055,0.779891304347826,FALSE
"7_6_6_5_3",235.139202407825,0.0444266605893783,0.651755852842809,0.773996509598604,FALSE
"7_6_6_5_4",247.905201051118,0.0448162538668182,0.653621495327103,0.7781217750258,FALSE
"7_6_6_5_5",245.857304420514,0.0443981353282602,0.653205451792024,0.774837511606314,FALSE
"7_6_6_5_6",228.529640294346,0.0444818430227745,0.645481263776635,0.777199621570483,FALSE
"7_6_6_5_7",234.082397003745,0.0445803976913508,0.651974288337925,0.778246205733558,FALSE
"7_6_6_6_3",224.739302409205,0.0445126261958706,0.646891314665401,0.777366255144033,FALSE
"7_6_6_6_4",231.128368695974,0.0447014426722947,0.65346038114343,0.77727501256913,FALSE
"7_6_6_6_5",224.164985429276,0.0449445605723353,0.651380042462845,0.783887468030691,FALSE
"7_6_6_6_6",237.214156940886,0.0447185348045557,0.653416703885663,0.775855289028706,FALSE
"7_6_6_6_7",234.94032515741,0.0446121668889818,0.652041438147471,0.778625954198473,FALSE
"7_6_6_7_3",218.407373432927,0.0447731722654897,0.6505,0.776723592662872,FALSE
"7_6_6_7_4",238.367658276125,0.044739446824569,0.648516863063795,0.776112412177986,FALSE
"7_6_6_7_5",233.786879880301,0.0451438317307917,0.653167602245389,0.776428932726353,FALSE
"7_6_6_7_6",232.158610762873,0.0448076312040749,0.649211711711712,0.776470588235294,FALSE
"7_6_6_7_7",232.774674115456,0.0445064168087848,0.649377593360996,0.77426273458445,FALSE
"7_6_7_3_3",242.989745832726,0.0445455610803437,0.65011636927851,0.781512605042017,FALSE
"7_6_7_3_4",235.006580184245,0.0444916118590517,0.651839178785287,0.782907662082515,FALSE
"7_6_7_3_5",233.492107966751,0.0448527610366429,0.654161276412247,0.783128167994207,FALSE
"7_6_7_3_6",229.126569517001,0.0449119087332743,0.651737128505651,0.78277972027972,FALSE
"7_6_7_3_7",243.735985180852,0.0448086984269471,0.647636039250669,0.785778577857786,FALSE
"7_6_7_4_3",244.774073530132,0.0449942186118826,0.654135338345865,0.781657848324515,FALSE
"7_6_7_4_4",230.139003958391,0.0450205566427014,0.65220700152207,0.783138401559454,FALSE
"7_6_7_4_5",245.422863593972,0.0449608955578288,0.649400479616307,0.784397163120567,FALSE
"7_6_7_4_6",227.904644696659,0.0450505868947739,0.646896551724138,0.786302780638517,FALSE
"7_6_7_4_7",230.8082906338,0.0446535535187156,0.65097300690521,0.782750582750583,FALSE
"7_6_7_5_3",250.25025025025,0.045114250237041,0.649356617647059,0.782125603864734,FALSE
"7_6_7_5_4",240.639137549331,0.0451677915673957,0.654182879377432,0.784804928131417,FALSE
"7_6_7_5_5",227.500227500228,0.0452737567102077,0.653437674678591,0.78125,FALSE
"7_6_7_5_6",236.20559334845,0.0452898381267879,0.65554231227652,0.780854430379747,FALSE
"7_6_7_5_7",248.570718369376,0.0451121456451047,0.65,0.783127572016461,FALSE
"7_6_7_6_3",237.045465320248,0.0450408567897507,0.653729533050334,0.779121863799283,FALSE
"7_6_7_6_4",246.475401754905,0.0454232574944272,0.65409383624655,0.784728905999358,FALSE
"7_6_7_6_5",233.328666759998,0.0452801579835475,0.64715626725566,0.786700125470514,FALSE
"7_6_7_6_6",243.02517740838,0.0454341984367699,0.653919694072658,0.784569983136594,FALSE
"7_6_7_6_7",240.04993038552,0.045353660331542,0.654917566799318,0.788701067615658,FALSE
"7_6_7_7_3",241.580905445234,0.0454902559323138,0.651639344262295,0.78175519630485,FALSE
"7_6_7_7_4",244.128704653093,0.0455024444216191,0.64989939637827,0.784106568672485,FALSE
"7_6_7_7_5",255.232261357836,0.0454594129682443,0.650530198248041,0.786295005807201,FALSE
"7_6_7_7_6",235.106032820802,0.045301689223654,0.648648648648649,0.781644193127447,FALSE
"7_6_7_7_7",233.198078447834,0.0453885595225004,0.651501766784452,0.786222509702458,FALSE
"7_7_3_3_3",233.198078447834,0.0453025796804075,0.688768606224628,0.788708297690334,FALSE
"7_7_3_3_4",227.252067993819,0.0452549152258429,0.683587140439932,0.787748058671268,FALSE
"7_7_3_3_5",240.6043982484,0.0453663224522026,0.687797902764538,0.78547215496368,FALSE
"7_7_3_3_6",237.518407676595,0.0453400468421963,0.6896,0.787735849056604,FALSE
"7_7_3_3_7",219.558248803408,0.0453200312672229,0.686336633663366,0.784069981583794,FALSE
"7_7_3_4_3",235.238767348859,0.045705791669536,0.68489442338928,0.791088692728037,FALSE
"7_7_3_4_4",224.769611148573,0.0457655317749439,0.687157894736842,0.785974025974026,FALSE
"7_7_3_4_5",236.17212224269,0.0457652549689616,0.6947877485223,0.788163265306122,FALSE
"7_7_3_4_6",219.847865277228,0.0454303255474807,0.685659101883148,0.787842190016103,FALSE
"7_7_3_4_7",223.114680946006,0.0453733984277318,0.6865234375,0.785085881860075,FALSE
"7_7_3_5_3",235.537968720558,0.0458983531154257,0.685834502103787,0.785890073831009,FALSE
"7_7_3_5_4",244.164469186444,0.0459890926802411,0.690669371196755,0.790729072907291,FALSE
"7_7_3_5_5",234.246896228625,0.0459779966747897,0.686548995739501,0.787596048298573,FALSE
"7_7_3_5_6",233.198078447834,0.0458174251838875,0.687171398527865,0.783713111692193,FALSE
"7_7_3_5_7",225.042758124044,0.0459661462457833,0.684885931558935,0.782125389061805,FALSE
"7_7_3_6_3",244.774073530132,0.046062740901568,0.689138576779026,0.78749433620299,FALSE
"7_7_3_6_4",244.164469186444,0.0458938285631746,0.686887540830611,0.785136501516684,FALSE
"7_7_3_6_5",228.02937018288,0.0461003267182092,0.685102586975914,0.787892791127542,FALSE
"7_7_3_6_6",228.123003923716,0.0458910671202151,0.682302771855011,0.787208607292289,FALSE
"7_7_3_6_7",241.68600154679,0.0463183368828876,0.6875,0.788383610986042,FALSE
"7_7_3_7_3",226.942628903413,0.0463638760926525,0.689006947282387,0.787391841779975,FALSE
"7_7_3_7_4",253.33130668288,0.0468160591388794,0.690111052353252,0.790277219766975,FALSE
"7_7_3_7_5",235.904694503421,0.0463266330328419,0.687958115183246,0.78900052882073,FALSE
"7_7_3_7_6",243.985751232128,0.0465440695683957,0.690851735015773,0.786313465783664,FALSE
"7_7_3_7_7",250.70196550341,0.0465619298840735,0.686647173489279,0.788785046728972,FALSE
"7_7_4_3_3",228.623685413809,0.0461803449057313,0.689532293986637,0.796844181459566,FALSE
"7_7_4_3_4",228.969180748271,0.0458564757487006,0.683479155944416,0.79299796057104,FALSE
"7_7_4_3_5",221.248727819815,0.0463577144208385,0.689359267734554,0.792990654205607,FALSE
"7_7_4_3_6",242.671325956125,0.046343238398711,0.685926773455378,0.797964568413117,FALSE
"7_7_4_3_7",232.807189085999,0.0462196708864281,0.68868778280543,0.791287697462901,FALSE
"7_7_4_4_3",254.686226568867,0.0465845514687562,0.687170474516696,0.790716949854952,FALSE
"7_7_4_4_4",233.263354327035,0.0464253011230592,0.685195082843399,0.796349319971367,FALSE
"7_7_4_4_5",249.053596333931,0.0464284905970933,0.68850987432675,0.794179671024884,FALSE
"7_7_4_4_6",234.41162681669,0.0462114930282902,0.687100213219616,0.79264367816092,FALSE
"7_7_4_4_7",223.863890754421,0.0462983327292944,0.685173886516168,0.794639175257732,FALSE
"7_7_4_5_3",237.484563503372,0.0467524416059771,0.693394266722061,0.793939393939394,FALSE
"7_7_4_5_4",229.284174806255,0.0467036888623177,0.688683602771363,0.794117647058823,FALSE
"7_7_4_5_5",233.524823688758,0.0462877204596376,0.687470671046457,0.791863765373699,FALSE
"7_7_4_5_6",226.234107053979,0.0464480815644591,0.685176686553465,0.79485049833887,FALSE
"7_7_4_5_7",254.764088454092,0.0464893430217078,0.6863488624052,0.792230467044959,FALSE
"7_7_4_6_3",242.883513067133,0.0468325314666613,0.68863361547763,0.79498861047836,FALSE
"7_7_4_6_5",236.675186973398,0.0470256945188806,0.692275398824517,0.793650793650794,FALSE
"7_7_4_6_6",239.120038259206,0.0471286866821059,0.691041162227603,0.793613246599645,FALSE
"7_7_4_6_7",231.964741359313,0.0467007262760005,0.689954105048445,0.790493770189202,FALSE
"7_7_4_7_3",245.025972753112,0.047180926854577,0.685300207039337,0.796026490066225,FALSE
"7_7_4_7_4",241.370987207338,0.0471034760210656,0.688289806234204,0.793939393939394,FALSE
"7_7_4_7_5",246.475401754905,0.0466063948382505,0.683238011438627,0.791850760922926,FALSE
"7_7_4_7_6",241.370987207338,0.047246485722759,0.690793650793651,0.796111665004985,FALSE
"7_7_5_3_3",237.518407676595,0.0468180076613606,0.686785550983082,0.797632684230622,FALSE
"7_7_5_3_4",222.459512368749,0.0467165037973636,0.687939934303144,0.799130854659585,FALSE
"7_7_5_3_5",215.777662696358,0.0466749999460188,0.688357506860055,0.802979515828678,FALSE
"7_7_5_3_7",231.545799759192,0.046464406735591,0.687853107344633,0.796146953405018,FALSE
"7_7_5_4_4",242.600679281902,0.0471578214749648,0.688616641143441,0.799112097669256,FALSE
"7_7_5_4_5",240.04993038552,0.0472339985827994,0.685838569357177,0.798528058877645,FALSE
"7_7_5_5_4",244.164469186444,0.0472741708550352,0.685088633993744,0.800275482093664,FALSE
"7_7_5_5_5",230.712440014766,0.0472824863339103,0.686550976138829,0.797189396358991,FALSE
"7_7_5_5_6",246.111439259697,0.0475778650548507,0.688811188811189,0.801337153772684,FALSE
"7_7_5_5_7",237.687773340939,0.0473126992781072,0.687819856704197,0.796670030272452,FALSE
"7_7_5_6_4",234.477583942975,0.0474347198594307,0.687106918238994,0.798990362551629,FALSE
"7_7_5_6_7",252.028832098392,0.0475057349287518,0.687658495350803,0.800554016620499,FALSE
"7_7_5_7_3",253.755582622818,0.0478873898408554,0.689253573319217,0.798803929944468,FALSE
"7_7_5_7_4",246.767347744546,0.0480542413031371,0.689991518235793,0.80081466395112,FALSE
"7_7_6_3_4",236.675186973398,0.0477983483019174,0.68616480162767,0.808494208494208,FALSE
"7_7_6_3_7",242.1776615325,0.0475428767157143,0.685218165627783,0.802925639983746,FALSE
"7_7_6_4_7",262.21942521502,0.0473504610637492,0.685821361648969,0.801587301587302,FALSE
"7_7_6_6_6",236.809699725301,0.0483268939653435,0.69024045261669,0.805738476011289,FALSE
