"foi_structure","cases_med","cases_lo10","cases_hi90","ARTI_med","inf_prev_15to24_med","inf_prev_25to34_med","conditions_met_25reps"
"3_6_6_3_4",228.404367091499,205.291493947673,257.125953504784,0.0399408640183408,0.594622543950362,0.739980449657869,FALSE
"3_6_6_4_4",212.287182099945,193.84275828136,257.198255766992,0.0400510542956918,0.592039800995025,0.746268656716418,FALSE
"3_6_6_7_6",233.786879880301,206.334187267358,282.874308180123,0.0407950720513653,0.58920965451964,0.746569468267582,FALSE
"3_6_7_4_3",216.985635550927,185.344713254288,286.625918028455,0.0408373975329061,0.587333602258975,0.753138075313807,FALSE
"3_6_7_6_5",247.757791982558,196.848011984457,298.309960445883,0.0412580691628535,0.58743961352657,0.751828376401755,FALSE
"3_6_7_6_7",236.507260772906,197.45916071747,302.542468248004,0.0413386009757958,0.587048832271762,0.752562225475842,FALSE
"3_6_7_7_7",228.937728937729,202.318359733384,294.180269618356,0.0412391012234111,0.592183908045977,0.74972191323693,FALSE
"3_7_3_6_5",242.248062015504,188.193503009956,295.145307386972,0.0419484864769475,0.636437576250508,0.751924721984602,FALSE
"4_6_4_5_6",217.438573602957,173.104452765179,247.957593825172,0.0400650437175983,0.605442176870748,0.738792314730101,FALSE
"4_6_4_6_3",229.189585625229,201.166229140959,254.781460776619,0.0401487812060151,0.606179499754782,0.736937755565652,FALSE
"4_6_4_7_5",221.101972229592,185.227406724711,268.674441305375,0.0403428318485672,0.606924643584521,0.735670937289278,FALSE
"4_6_5_3_3",232.061635570407,194.090616253442,278.774395934276,0.040119131635668,0.609874152952565,0.745794392523364,FALSE
"4_6_5_4_6",229.726625315874,198.13272825321,273.011494841011,0.0404266332148311,0.606299212598425,0.747351694915254,FALSE
"4_6_5_5_5",223.323953727277,193.151266785793,273.246186521942,0.040576503501116,0.604087287842051,0.748377433849226,FALSE
"4_6_5_5_6",218.350146294598,192.606639431983,256.126792244258,0.0406463791176829,0.605945945945946,0.7470506592644,FALSE
"4_6_5_6_4",230.425365224204,192.120147297335,267.942833818705,0.0408490421932741,0.607967237527923,0.746945898778359,FALSE
"4_6_5_6_5",240.812984636132,198.870016758653,283.312751868848,0.0410349601083455,0.608212560386473,0.744857768052516,FALSE
"4_6_5_7_5",238.640702558228,202.128089978557,264.316198615602,0.0410405843510487,0.60757496054708,0.743912678421495,FALSE
"4_6_6_4_6",225.743825906361,187.520542442065,257.208741674176,0.0408639346692274,0.605791686127978,0.751093171880256,FALSE
"5_6_3_4_7",222.965440356745,190.072595705462,253.563820417986,0.0397065712764597,0.624624624624625,0.734848484848485,FALSE
"5_6_3_6_4",222.875991798164,189.633424691666,267.394957655975,0.0403953745644157,0.620551378446115,0.740945153501207,FALSE
"5_6_3_6_5",242.459509261953,207.664225202166,271.962784040079,0.04039633036332,0.619747899159664,0.739297739297739,TRUE
"5_6_3_6_7",225.804994806485,194.666460030187,260.776899456333,0.0404129786868206,0.622168284789644,0.739674118984464,FALSE
"5_6_3_7_3",231.610153789142,191.370869069927,299.210689934979,0.040881460472891,0.623762376237624,0.737608182533438,FALSE
"5_6_3_7_4",236.540826946731,203.156296281069,283.141120308976,0.0407720872399345,0.621435142594296,0.73960396039604,FALSE
"5_6_3_7_6",229.948491537896,190.628643870463,282.52521398038,0.0407202107970156,0.624269954574951,0.735496183206107,FALSE
"5_6_3_7_7",227.283058320833,186.146941840204,265.89128768913,0.0407036749913553,0.622800306044376,0.737373737373737,FALSE
"5_6_4_3_6",236.675186973398,193.935029718392,265.618816892769,0.0404100581168578,0.622257891920813,0.747493163172288,FALSE
"5_6_4_4_6",233.296005972378,189.363397843516,265.813632021029,0.0408522924146669,0.62757688408246,0.747614917606245,FALSE
"5_6_4_5_4",245.459008345606,191.985179042988,279.169684830103,0.0410709335960858,0.627075351213282,0.743336199484093,TRUE
"5_6_4_5_6",232.612235403582,194.086365905328,271.905235041084,0.0409664411843735,0.621134020618557,0.751532752500807,FALSE
"5_6_4_7_5",234.741784037559,201.766263769577,265.068126796082,0.0413431862818542,0.622480967308554,0.747663551401869,FALSE
"5_6_4_7_7",226.510827217541,194.167820659153,269.194837507045,0.0413822999765289,0.62093023255814,0.747721623860812,FALSE
"5_6_5_3_5",240.569668976135,203.254883442091,287.160784836962,0.0412393105171209,0.622254758418741,0.757851615839782,FALSE
"5_6_5_4_3",229.853353560428,193.332859182881,281.116427434932,0.0415918754360234,0.619831393014853,0.755805515239477,FALSE
"6_5_5_7_5",222.697309816497,177.195635391083,264.317550685366,0.039494243033616,0.592896174863388,0.728061716489875,FALSE
"6_5_6_7_4",239.257345200498,207.213440389327,277.531102949843,0.039952924163449,0.591487009397457,0.731231231231231,FALSE
"6_5_6_7_5",233.524823688758,199.807922926311,281.394052254261,0.0403703212389583,0.595722483046427,0.732125834127741,FALSE
"6_5_7_6_3",214.445016297821,192.806950959595,261.585061369074,0.0407290092465398,0.591411042944785,0.742243436754177,FALSE
"6_5_7_6_6",225.042758124044,193.84765854599,264.802497467403,0.0406671929924814,0.59106529209622,0.73959673959674,FALSE
"6_5_7_6_7",235.072872590503,213.961066803876,282.700473820626,0.0408707649520482,0.59798334064007,0.743579290664492,FALSE
"6_5_7_7_3",218.808804866308,178.077573554521,266.502111396767,0.0408834515521401,0.590214067278288,0.743406347787215,FALSE
"6_5_7_7_7",238.9486260454,202.504834534588,305.339605209952,0.0408418563311096,0.59020618556701,0.73669240146282,FALSE
"6_6_3_4_3",209.8547804919,181.325326279789,257.359197169007,0.041141284256156,0.638866396761134,0.749084993899959,FALSE
"6_6_3_5_3",229.032110301864,184.529421299656,275.245341034815,0.0415213340474435,0.639908256880734,0.748919619706137,FALSE
"6_6_3_5_4",216.225566510984,177.473079290894,253.984617923766,0.0411991182653313,0.635349172066235,0.748148148148148,FALSE
"6_6_3_5_7",223.743679241061,199.290908280558,251.306986227211,0.0415006421519689,0.64016393442623,0.746529332736229,FALSE
"6_6_3_7_6",228.02937018288,192.985526161652,295.637619557441,0.0414612747847098,0.63556531284303,0.740193581253184,FALSE
"6_6_3_7_7",224.921277552857,205.463322520236,260.821340975939,0.0414921419043489,0.636285097192225,0.744897959183674,FALSE
"7_5_5_4_3",218.52191774835,191.44823359394,302.442786095026,0.0399207702393413,0.609214315096668,0.733618233618234,FALSE
"7_5_5_7_4",227.190112686296,190.660051231496,276.535613167356,0.0405137730542914,0.612116443745083,0.733760292772187,FALSE
"7_5_5_7_5",235.471413770368,199.711743962839,277.78793307762,0.0405122867315586,0.606130711393869,0.739889705882353,FALSE
"7_5_5_7_6",237.959261374453,197.674096205901,278.364639965844,0.0405234434487561,0.605968639352554,0.7320230105465,FALSE
"7_5_6_4_5",220.546072074456,180.470582473295,263.509670995701,0.0405741938008713,0.611155378486056,0.740397350993377,FALSE
"7_5_6_5_3",227.159147698878,207.214936486139,254.453495234397,0.0410264179537061,0.615906288532676,0.743776330907698,FALSE
"7_5_6_5_4",228.906285766607,193.844096283121,269.52441767522,0.0409698226016002,0.61144883485309,0.742620403935785,FALSE
"7_5_6_6_4",233.983808320464,201.927450342664,296.117390578375,0.0410938399791572,0.608766233766234,0.745098039215686,FALSE
"7_5_7_3_4",221.425091891413,194.303888501629,260.800444517411,0.0411358452151191,0.606616003576218,0.751346871114795,FALSE
"7_5_7_4_5",233.361336693737,194.834151943176,263.547432336705,0.0413809687000793,0.609261939218524,0.755167498218104,FALSE
"7_5_7_5_5",240.292195309496,205.916625470844,292.987381574517,0.0416387815082256,0.6066373840898,0.75507835171213,FALSE
"7_5_7_7_7",228.216714592177,199.222817042513,295.236352446486,0.0420980978213226,0.609841827768014,0.752359258054019,FALSE
"7_6_3_6_3",242.565371367584,203.119812011123,275.120464737454,0.0423895866082762,0.646673936750273,0.753569783509903,FALSE
