sigma,rep,n_tested,n_recruited,n_fast,n_slow,n_overall
1,1,826227,1886,50,1836,829664
1,2,964330,2155,50,2105,968366
1,3,832632,1893,50,1843,836078
1,4,959570,2153,50,2103,963472
1,5,859523,1879,50,1829,863054
1,6,846813,1796,50,1746,850408
1,7,716405,1620,50,1570,719417
1,8,660456,1483,50,1433,663197
1,9,720762,1634,50,1584,723714
1,10,837976,1843,50,1793,841405
1,11,895129,2037,50,1987,898893
1,12,986853,2268,50,2218,990866
1,13,887072,2030,50,1980,890657
1,14,919928,2064,50,2014,923703
1,15,848110,1897,50,1847,851682
1,16,1024506,2319,50,2269,1028651
1,17,814534,1795,50,1745,817873
1,18,900412,2019,50,1969,904152
1,19,987986,2256,50,2206,992082
1,20,973441,2231,50,2181,977455
1,21,931174,2157,50,2107,935033
1,22,777095,1843,50,1793,780341
1,23,836576,1838,50,1788,839933
1,24,924168,2028,50,1978,928008
1,25,825315,1805,50,1755,828873
2,1,877774,3949,50,3899,881377
2,2,705064,3153,50,3103,708007
2,3,657029,2930,50,2880,659704
2,4,674506,3110,50,3060,677305
2,5,683645,3047,50,2997,686424
2,6,667245,3051,50,3001,670002
2,7,701339,3164,50,3114,704197
2,8,641621,2878,50,2828,644272
2,9,654153,2916,50,2866,656863
2,10,541566,2390,50,2340,543766
2,11,698409,3145,50,3095,701307
2,12,686535,3031,50,2981,689353
2,13,926299,4158,50,4108,930129
2,14,632432,2832,50,2782,634997
2,15,613218,2762,50,2712,615867
2,16,638762,2953,50,2903,641414
2,17,735644,3371,50,3321,738713
2,18,538688,2519,50,2469,540958
2,19,580448,2545,50,2495,582885
2,20,772303,3503,50,3453,775562
2,21,560676,2474,50,2424,563043
2,22,638202,2940,50,2890,640811
2,23,666428,2930,50,2880,669181
2,24,596341,2606,50,2556,598840
2,25,741174,3392,50,3342,744238
3,1,697953,4782,50,4732,700830
3,2,610793,4057,50,4007,613405
3,3,775653,5172,50,5122,778811
3,4,587445,3966,50,3916,589792
3,5,607953,4103,50,4053,610454
3,6,717156,4794,50,4744,720208
3,7,691557,4697,50,4647,694462
3,8,597591,3947,50,3897,600031
3,9,691185,4584,50,4534,694016
3,10,854555,5659,50,5609,858048
3,11,651037,4350,50,4300,653716
3,12,735339,4927,50,4877,738316
3,13,702646,4528,50,4478,705568
3,14,498719,3404,50,3354,500834
3,15,692974,4603,50,4553,695836
3,16,672313,4385,50,4335,675106
3,17,637802,4247,50,4197,640464
3,18,731746,5004,50,4954,734696
3,19,553790,3683,50,3633,556101
3,20,704989,4658,50,4608,707877
3,21,744302,5090,50,5040,747356
3,22,565640,3875,50,3825,567933
3,23,514049,3541,50,3491,516198
3,24,618889,4170,50,4120,621425
3,25,633992,4217,50,4167,636699
4,1,759975,6834,50,6784,763129
4,2,814208,7282,50,7232,817613
4,3,688244,6084,50,6034,691062
4,4,647864,5788,50,5738,650435
4,5,711390,6404,50,6354,714240
4,6,758880,6698,50,6648,762052
4,7,740346,6480,50,6430,743423
4,8,859553,7551,50,7501,863082
4,9,680549,5986,50,5936,683421
4,10,608356,5513,50,5463,610811
4,11,653506,5740,50,5690,656202
4,12,644504,5777,50,5727,647255
4,13,738057,6570,50,6520,741019
4,14,691323,6130,50,6080,694094
4,15,540503,4773,50,4723,542640
4,16,719388,6405,50,6355,722292
4,17,683898,5884,50,5834,686714
4,18,531242,4800,50,4750,533484
4,19,695898,6243,50,6193,698784
4,20,644872,5755,50,5705,647510
4,21,663139,5989,50,5939,665935
4,22,839437,7505,50,7455,842851
4,23,529484,4803,50,4753,531659
4,24,637954,5688,50,5638,640549
4,25,585328,5231,50,5181,587850
5,1,841660,9143,50,9093,845201
5,2,688456,7687,50,7637,691351
5,3,697865,7719,50,7669,700733
5,4,771107,8753,50,8703,774296
5,5,576750,6425,50,6375,579102
5,6,650312,7256,50,7206,653057
5,7,595737,6387,50,6337,598199
5,8,603936,6712,50,6662,606444
5,9,559598,6058,50,6008,561956
5,10,551036,6085,50,6035,553358
5,11,708461,7779,50,7729,711481
5,12,572514,6365,50,6315,574841
5,13,748061,8376,50,8326,751106
5,14,649818,7233,50,7183,652381
5,15,620684,6885,50,6835,623224
5,16,432690,4919,50,4869,434490
5,17,652348,7215,50,7165,655126
5,18,585601,6443,50,6393,588020
5,19,736295,8278,50,8228,739326
5,20,652974,7167,50,7117,655736
5,21,654515,7384,50,7334,657232
5,22,593961,6704,50,6654,596314
5,23,590100,6650,50,6600,592503
5,24,638595,7064,50,7014,641311
5,25,531777,6076,50,6026,534030
6,1,681080,8916,50,8866,683942
6,2,587668,7693,50,7643,590107
6,3,665063,8930,50,8880,667758
6,4,608930,8216,50,8166,611439
6,5,619244,8206,50,8156,621813
6,6,520320,6750,50,6700,522427
6,7,714800,9483,50,9433,717827
6,8,684192,9056,50,9006,687051
6,9,598883,7901,50,7851,601395
6,10,585333,7930,50,7880,587691
6,11,696973,9327,50,9277,699722
6,12,517114,6824,50,6774,519284
6,13,583642,7847,50,7797,586071
6,14,724713,9664,50,9614,727734
6,15,673202,8977,50,8927,675992
6,16,637173,8462,50,8412,639801
6,17,638143,8531,50,8481,640766
6,18,584234,7689,50,7639,586665
6,19,917623,12217,50,12167,921498
6,20,605442,8115,50,8065,607924
6,21,677262,9150,50,9100,680070
6,22,686862,8944,50,8894,689674
6,23,681319,9122,50,9072,684065
6,24,667840,8937,50,8887,670503
6,25,602226,8180,50,8130,604699
7,1,470661,7516,50,7466,472582
7,2,615129,9688,50,9638,617614
7,3,637831,9848,50,9798,640510
7,4,600675,9421,50,9371,603172
7,5,657174,10224,50,10174,659880
7,6,694100,10755,50,10705,697024
7,7,794803,12314,50,12264,798134
7,8,684692,10761,50,10711,687402
7,9,704011,10917,50,10867,706877
7,10,761049,11845,50,11795,764188
7,11,575712,8855,50,8805,578195
7,12,774885,12079,50,12029,777996
7,13,611125,9496,50,9446,613702
7,14,577742,9015,50,8965,580204
7,15,633508,9790,50,9740,636136
7,16,612100,9731,50,9681,614689
7,17,604832,9650,50,9600,607354
7,18,755661,11795,50,11745,758808
7,19,521218,8038,50,7988,523407
7,20,718595,11263,50,11213,721574
7,21,595887,9189,50,9139,598358
7,22,701099,10928,50,10878,703933
7,23,662389,10350,50,10300,665069
7,24,744407,11392,50,11342,747392
7,25,545279,8585,50,8535,547509
8,1,556970,9871,50,9821,559181
8,2,557119,9905,50,9855,559459
8,3,829623,14602,50,14552,833089
8,4,537733,9490,50,9440,539914
8,5,614912,10807,50,10757,617566
8,6,777600,13824,50,13774,780897
8,7,641769,11454,50,11404,644491
8,8,570143,9981,50,9931,572505
8,9,742404,13235,50,13185,745591
8,10,751151,13300,50,13250,754249
8,11,627664,11088,50,11038,630234
8,12,750215,13285,50,13235,753280
8,13,765839,13544,50,13494,769031
8,14,648625,11563,50,11513,651394
8,15,681317,11951,50,11901,684113
8,16,540706,9592,50,9542,542955
8,17,633342,11351,50,11301,636023
8,18,655716,11839,50,11789,658426
8,19,676145,11983,50,11933,678908
8,20,707068,12741,50,12691,709984
8,21,753656,13582,50,13532,756825
8,22,653553,11739,50,11689,656187
8,23,645624,11250,50,11200,648223
8,24,557619,9957,50,9907,559897
8,25,608472,10794,50,10744,611010
9,1,630300,12407,50,12357,632929
9,2,759125,15114,50,15064,762282
9,3,503367,10004,50,9954,505487
9,4,704659,13990,50,13940,707665
9,5,563451,11285,50,11235,565696
9,6,641516,12919,50,12869,644112
9,7,594946,11975,50,11925,597476
9,8,626779,12660,50,12610,629401
9,9,699763,13973,50,13923,702628
9,10,676223,13553,50,13503,679038
9,11,587552,11684,50,11634,589935
9,12,595942,11842,50,11792,598465
9,13,622445,12363,50,12313,624972
9,14,714006,14140,50,14090,717001
9,15,665577,13312,50,13262,668313
9,16,602648,12061,50,12011,605156
9,17,776360,15766,50,15716,779606
9,18,762116,15467,50,15417,765303
9,19,747932,14880,50,14830,751038
9,20,673248,13413,50,13363,676017
9,21,802570,15993,50,15943,805914
9,22,638913,12774,50,12724,641534
9,23,544905,11018,50,10968,547212
9,24,810017,16028,50,15978,813441
9,25,783721,15531,50,15481,787162
10,1,660855,14465,50,14415,663574
10,2,733374,16360,50,16310,736496
10,3,541993,12080,50,12030,544304
10,4,645708,14548,50,14498,648322
10,5,592249,13221,50,13171,594834
10,6,538152,12133,50,12083,540421
10,7,706053,15701,50,15651,709008
10,8,646582,14321,50,14271,649273
10,9,580329,12991,50,12941,582855
10,10,665851,14906,50,14856,668687
10,11,845895,18881,50,18831,849417
10,12,585798,13229,50,13179,588249
10,13,652974,14764,50,14714,655655
10,14,740361,16625,50,16575,743423
10,15,617293,13862,50,13812,619831
10,16,520704,11587,50,11537,522835
10,17,721219,16003,50,15953,724109
10,18,583308,12950,50,12900,585731
10,19,684547,15243,50,15193,687386
10,20,644009,14239,50,14189,646680
10,21,695839,15246,50,15196,698704
10,22,664847,14742,50,14692,667571
10,23,654238,14653,50,14603,656880
10,24,644046,14359,50,14309,646722
10,25,586652,13084,50,13034,589163
11,1,675282,16514,50,16464,678103
11,2,575908,13936,50,13886,578406
11,3,779959,19105,50,19055,783150
11,4,663597,16369,50,16319,666343
11,5,790023,19421,50,19371,793346
11,6,628702,15558,50,15508,631361
11,7,554592,13672,50,13622,556952
11,8,624750,15371,50,15321,627397
11,9,686850,16759,50,16709,689778
11,10,661059,16283,50,16233,663786
11,11,756113,18300,50,18250,759239
11,12,697651,17149,50,17099,700588
11,13,660583,16224,50,16174,663340
11,14,662314,16210,50,16160,665031
11,15,739307,18123,50,18073,742448
11,16,777722,18920,50,18870,780875
11,17,625866,15384,50,15334,628494
11,18,800945,19630,50,19580,804218
11,19,608659,14805,50,14755,611306
11,20,510852,12715,50,12665,512926
11,21,639721,15748,50,15698,642395
11,22,673990,16593,50,16543,676848
11,23,629395,15406,50,15356,631978
11,24,720423,17828,50,17778,723436
11,25,786658,19020,50,18970,789872
12,1,567006,15161,50,15111,569351
12,2,744277,19935,50,19885,747334
12,3,721466,19515,50,19465,724442
12,4,689527,18353,50,18303,692401
12,5,698086,18849,50,18799,701060
12,6,637658,17123,50,17073,640371
12,7,580496,15585,50,15535,582962
12,8,764007,20383,50,20333,767258
12,9,732826,19781,50,19731,735818
12,10,609350,16503,50,16453,611889
12,11,718910,19275,50,19225,721876
12,12,503437,13501,50,13451,505497
12,13,701341,18499,50,18449,704231
12,14,702847,18922,50,18872,705760
12,15,729592,19666,50,19616,732548
12,16,747445,20043,50,19993,750594
12,17,660645,17384,50,17334,663416
12,18,720279,19453,50,19403,723324
12,19,555173,14680,50,14630,557408
12,20,548039,14965,50,14915,550235
12,21,628735,17010,50,16960,631347
12,22,634350,16864,50,16814,637069
12,23,903837,24214,50,24164,907565
12,24,570171,15272,50,15222,572425
12,25,629716,16783,50,16733,632335
13,1,595641,17218,50,17168,598074
13,2,792641,22965,50,22915,795899
13,3,573729,16701,50,16651,576150
13,4,717704,20845,50,20795,720698
13,5,486787,14143,50,14093,488793
13,6,646260,18721,50,18671,648874
13,7,611428,17628,50,17578,613962
13,8,678362,19680,50,19630,681265
13,9,598301,17299,50,17249,600841
13,10,556457,16130,50,16080,558743
13,11,629455,18194,50,18144,632063
13,12,879090,25408,50,25358,882687
13,13,555277,16254,50,16204,557476
13,14,750261,21814,50,21764,753406
13,15,745042,21728,50,21678,748104
13,16,533117,15384,50,15334,535287
13,17,584945,17093,50,17043,587297
13,18,667867,19329,50,19279,670639
13,19,714843,20684,50,20634,717853
13,20,581158,16601,50,16551,583613
13,21,479358,13778,50,13728,481327
13,22,604005,17296,50,17246,606402
13,23,741572,21742,50,21692,744532
13,24,678842,19740,50,19690,681709
13,25,499301,14389,50,14339,501282
14,1,568664,17870,50,17820,571171
14,2,621838,19200,50,19150,624479
14,3,613976,19414,50,19364,616446
14,4,640624,20199,50,20149,643291
14,5,757117,23386,50,23336,760301
14,6,530731,16768,50,16718,532930
14,7,859828,26959,50,26909,863380
14,8,581413,18127,50,18077,583809
14,9,615243,19338,50,19288,617776
14,10,531953,16699,50,16649,534152
14,11,623233,19368,50,19318,625809
14,12,572654,17963,50,17913,575057
14,13,572295,17915,50,17865,574621
14,14,674420,21174,50,21124,677210
14,15,569322,17830,50,17780,571540
14,16,477500,14918,50,14868,479522
14,17,728051,22740,50,22690,731124
14,18,532623,16753,50,16703,534785
14,19,628985,19577,50,19527,631561
14,20,677783,21130,50,21080,680628
14,21,472960,14702,50,14652,474930
14,22,585186,18145,50,18095,587625
14,23,697325,21960,50,21910,700244
14,24,525761,16223,50,16173,527913
14,25,568208,17652,50,17602,570635
15,1,633916,21161,50,21111,636529
15,2,572528,18913,50,18863,574910
15,3,709806,23843,50,23793,712684
15,4,567112,19111,50,19061,569474
15,5,945537,31801,50,31751,949414
15,6,821622,27478,50,27428,824940
15,7,817831,27308,50,27258,821188
15,8,735838,24726,50,24676,738885
15,9,755668,25385,50,25335,758839
15,10,631762,21210,50,21160,634340
15,11,730330,24400,50,24350,733403
15,12,616272,20622,50,20572,618782
15,13,705874,23943,50,23893,708703
15,14,573058,19136,50,19086,575367
15,15,802032,26911,50,26861,805352
15,16,532990,17952,50,17902,535173
15,17,554342,18624,50,18574,556682
15,18,599296,20352,50,20302,601841
15,19,782869,26753,50,26703,786104
15,20,568468,19194,50,19144,570803
15,21,692943,23394,50,23344,695841
15,22,680480,22772,50,22722,683196
15,23,623531,21050,50,21000,626089
15,24,659501,22239,50,22189,662199
15,25,676473,22787,50,22737,679316
16,1,827366,29550,50,29500,830938
16,2,773292,27675,50,27625,776419
16,3,670722,24153,50,24103,673534
16,4,593732,21224,50,21174,596212
16,5,580455,20774,50,20724,582848
16,6,725710,25908,50,25858,728643
16,7,561557,20082,50,20032,563939
16,8,584842,21235,50,21185,587216
16,9,639864,22994,50,22944,642557
16,10,655292,23641,50,23591,657973
16,11,741680,26481,50,26431,744681
16,12,918437,32745,50,32695,922222
16,13,580952,20980,50,20930,583478
16,14,746715,26846,50,26796,749784
16,15,583363,20794,50,20744,585833
16,16,626219,22313,50,22263,628819
16,17,699428,25136,50,25086,702404
16,18,671251,24272,50,24222,674062
16,19,517242,18646,50,18596,519392
16,20,571927,20726,50,20676,574342
16,21,694741,24836,50,24786,697622
16,22,595670,21351,50,21301,598175
16,23,623471,22263,50,22213,626108
16,24,645517,22961,50,22911,648272
16,25,701399,25382,50,25332,704394
17,1,726275,27775,50,27725,729253
17,2,731223,27956,50,27906,734257
17,3,583468,22054,50,22004,585911
17,4,548998,21048,50,20998,551252
17,5,603360,23014,50,22964,605894
17,6,701816,26685,50,26635,704668
17,7,582285,22249,50,22199,584657
17,8,748054,28323,50,28273,751129
17,9,661244,25368,50,25318,664022
17,10,589270,22600,50,22550,591663
17,11,660503,25042,50,24992,663110
17,12,625360,23611,50,23561,627808
17,13,693850,26403,50,26353,696777
17,14,506693,19220,50,19170,508719
17,15,684403,26020,50,25970,687154
17,16,606116,23290,50,23240,608589
17,17,719520,27590,50,27540,722455
17,18,644303,24560,50,24510,646915
17,19,606150,23119,50,23069,608584
17,20,634342,24149,50,24099,636991
17,21,584047,22357,50,22307,586381
17,22,622962,23885,50,23835,625534
17,23,626256,24029,50,23979,628759
17,24,605746,23131,50,23081,608177
17,25,763924,29000,50,28950,767095
18,1,734304,29469,50,29419,737415
18,2,576671,23446,50,23396,578970
18,3,381525,15493,50,15443,383078
18,4,617833,25013,50,24963,620335
18,5,680410,27566,50,27516,683256
18,6,698389,28194,50,28144,701229
18,7,664851,26615,50,26565,667574
18,8,617534,24729,50,24679,620118
18,9,617797,25011,50,24961,620375
18,10,550441,22098,50,22048,552743
18,11,614400,24926,50,24876,616888
18,12,733443,29781,50,29731,736457
18,13,790056,31848,50,31798,793399
18,14,699846,28456,50,28406,702774
18,15,604687,24497,50,24447,607169
18,16,783669,31538,50,31488,786886
18,17,702429,28269,50,28219,705356
18,18,569933,23062,50,23012,572309
18,19,587888,23839,50,23789,590362
18,20,699954,28659,50,28609,702785
18,21,573952,23389,50,23339,576250
18,22,753766,30467,50,30417,756858
18,23,663337,26796,50,26746,666016
18,24,695312,27971,50,27921,698164
18,25,619026,24991,50,24941,621566
19,1,592164,25215,50,25165,594519
19,2,564880,24283,50,24233,567287
19,3,691146,29247,50,29197,693924
19,4,633993,27249,50,27199,636675
19,5,681979,29040,50,28990,684792
19,6,530625,22638,50,22588,532850
19,7,628796,26535,50,26485,631470
19,8,551873,23597,50,23547,554153
19,9,681139,29479,50,29429,684004
19,10,650794,27802,50,27752,653563
19,11,712049,30077,50,30027,715075
19,12,718682,30320,50,30270,721767
19,13,597174,25450,50,25400,599603
19,14,789358,33530,50,33480,792671
19,15,691436,29383,50,29333,694251
19,16,537968,22785,50,22735,540167
19,17,636894,27086,50,27036,639586
19,18,526053,22350,50,22300,528234
19,19,683493,29047,50,28997,686356
19,20,639479,27096,50,27046,642098
19,21,586037,25005,50,24955,588468
19,22,552322,23155,50,23105,554602
19,23,684114,29220,50,29170,686975
19,24,712613,30371,50,30321,715535
19,25,700740,29966,50,29916,703711
20,1,706182,31802,50,31752,709092
20,2,497537,22030,50,21980,499550
20,3,529625,23564,50,23514,531822
20,4,709361,31636,50,31586,712312
20,5,688468,31225,50,31175,691357
20,6,829864,37138,50,37088,833221
20,7,660810,29889,50,29839,663538
20,8,567604,25400,50,25350,570004
20,9,766438,34425,50,34375,769637
20,10,562879,25242,50,25192,565259
20,11,761606,34259,50,34209,764756
20,12,514051,23152,50,23102,516216
20,13,757288,33814,50,33764,760298
20,14,576805,25671,50,25621,579170
20,15,664860,29622,50,29572,667556
20,16,539195,24453,50,24403,541456
20,17,512097,22954,50,22904,514219
20,18,625041,27955,50,27905,627556
20,19,711614,31687,50,31637,714617
20,20,639205,28925,50,28875,641818
20,21,641639,28755,50,28705,644352
20,22,597241,26766,50,26716,599740
20,23,600975,26979,50,26929,603485
20,24,574610,25632,50,25582,577080
20,25,638651,28681,50,28631,641249
21,1,536441,25131,50,25081,538705
21,2,691298,32287,50,32237,694262
21,3,646974,30404,50,30354,649653
21,4,539790,25379,50,25329,541978
21,5,481425,22599,50,22549,483447
21,6,507405,24055,50,24005,509518
21,7,678286,31759,50,31709,681131
21,8,547090,26058,50,26008,549393
21,9,521780,24432,50,24382,524022
21,10,756583,35592,50,35542,759755
21,11,625372,29350,50,29300,627920
21,12,635735,29812,50,29762,638365
21,13,730838,34694,50,34644,733890
21,14,578562,27132,50,27082,581019
21,15,705774,33025,50,32975,708786
21,16,752313,35306,50,35256,755436
21,17,726348,34166,50,34116,729282
21,18,518840,24420,50,24370,520921
21,19,703368,33130,50,33080,706264
21,20,712285,33817,50,33767,715220
21,21,666407,31228,50,31178,669185
21,22,636014,29687,50,29637,638717
21,23,637289,30000,50,29950,639891
21,24,698306,32642,50,32592,701112
21,25,570133,26801,50,26751,572487
22,1,621507,30360,50,30310,624054
22,2,700197,34274,50,34224,703054
22,3,671521,33058,50,33008,674423
22,4,450335,22101,50,22051,452211
22,5,766673,37800,50,37750,769930
22,6,637993,31162,50,31112,640626
22,7,520117,25310,50,25260,522280
22,8,503092,24850,50,24800,505136
22,9,668849,32419,50,32369,671637
22,10,653792,31928,50,31878,656532
22,11,740230,36590,50,36540,743366
22,12,615395,30141,50,30091,617976
22,13,766190,37471,50,37421,769402
22,14,607596,29595,50,29545,610170
22,15,532410,25975,50,25925,534606
22,16,551122,27311,50,27261,553369
22,17,614814,30227,50,30177,617348
22,18,636208,31296,50,31246,638800
22,19,797062,38954,50,38904,800413
22,20,817294,40235,50,40185,820631
22,21,711668,34864,50,34814,714616
22,22,627160,30950,50,30900,629702
22,23,703008,34462,50,34412,705938
22,24,686560,33657,50,33607,689500
22,25,669984,32845,50,32795,672853
23,1,635286,32457,50,32407,637898
23,2,567830,28852,50,28802,570220
23,3,650733,33029,50,32979,653386
23,4,621402,31633,50,31583,624095
23,5,681385,35019,50,34969,684183
23,6,581170,29558,50,29508,583498
23,7,730833,37074,50,37024,733802
23,8,510838,26216,50,26166,512930
23,9,617754,31547,50,31497,620322
23,10,504354,25583,50,25533,506503
23,11,790116,40485,50,40435,793334
23,12,690260,35403,50,35353,693129
23,13,669146,33956,50,33906,671864
23,14,565114,28842,50,28792,567486
23,15,595132,30494,50,30444,597572
23,16,738021,37480,50,37430,741183
23,17,520298,26456,50,26406,522377
23,18,553637,28021,50,27971,555948
23,19,591499,30196,50,30146,593907
23,20,804152,41004,50,40954,807497
23,21,651035,33079,50,33029,653713
23,22,652674,33111,50,33061,655432
23,23,589825,29875,50,29825,592180
23,24,583657,29924,50,29874,586084
23,25,659701,33752,50,33702,662480
24,1,583816,30781,50,30731,586243
24,2,590383,31330,50,31280,592829
24,3,557538,29429,50,29379,559849
24,4,695461,36981,50,36931,698381
24,5,606201,32242,50,32192,608741
24,6,753599,39553,50,39503,756756
24,7,689759,36515,50,36465,692699
24,8,676882,35617,50,35567,679538
24,9,695299,36544,50,36494,698215
24,10,761044,40177,50,40127,764136
24,11,638550,33534,50,33484,641144
24,12,589083,31328,50,31278,591566
24,13,439930,23439,50,23389,441793
24,14,568136,29850,50,29800,570411
24,15,639501,33568,50,33518,642275
24,16,529606,28143,50,28093,531821
24,17,505949,26633,50,26583,508038
24,18,861896,45696,50,45646,865439
24,19,805047,42481,50,42431,808335
24,20,579310,30583,50,30533,581738
24,21,677617,36042,50,35992,680439
24,22,594761,31426,50,31376,597235
24,23,645463,34265,50,34215,648213
24,24,684431,36353,50,36303,687316
24,25,560359,29440,50,29390,562771
25,1,574852,31448,50,31398,577242
25,2,864951,47136,50,47086,868474
25,3,654417,35920,50,35870,657132
25,4,700295,38500,50,38450,703222
25,5,694977,38137,50,38087,697926
25,6,547101,29853,50,29803,549392
25,7,565663,30697,50,30647,568127
25,8,617013,33558,50,33508,619553
25,9,763300,41730,50,41680,766416
25,10,524415,28650,50,28600,526623
25,11,546091,29984,50,29934,548372
25,12,544268,29641,50,29591,546547
25,13,638449,35067,50,35017,641093
25,14,608667,33315,50,33265,611188
25,15,556145,30581,50,30531,558355
25,16,579892,31535,50,31485,582286
25,17,660942,36226,50,36176,663649
25,18,801079,43454,50,43404,804441
25,19,666905,36231,50,36181,669725
25,20,693120,38052,50,38002,695965
25,21,617327,33749,50,33699,619837
25,22,667795,36322,50,36272,670577
25,23,673858,37230,50,37180,676646
25,24,577547,31672,50,31622,579958
25,25,600636,33188,50,33138,603154
26,1,782739,44323,50,44273,786043
26,2,763677,43313,50,43263,766894
26,3,566143,31462,50,31412,568468
26,4,584019,32815,50,32765,586463
26,5,656405,37099,50,37049,659111
26,6,604902,34009,50,33959,607458
26,7,728631,41323,50,41273,731660
26,8,592790,33087,50,33037,595240
26,9,673876,37853,50,37803,676661
26,10,649107,36492,50,36442,651737
26,11,700473,39548,50,39498,703382
26,12,609306,34379,50,34329,611891
26,13,500411,28110,50,28060,502440
26,14,676372,38067,50,38017,679170
26,15,721277,40936,50,40886,724184
26,16,805967,45052,50,45002,809270
26,17,517108,29256,50,29206,519279
26,18,618015,35032,50,34982,620599
26,19,566408,31993,50,31943,568764
26,20,648285,36891,50,36841,651032
26,21,572823,32400,50,32350,575191
26,22,707122,39974,50,39924,710025
26,23,606042,34479,50,34429,608514
26,24,541288,30701,50,30651,543569
26,25,578609,32335,50,32285,581023
27,1,577739,33540,50,33490,580106
27,2,714942,41436,50,41386,717878
27,3,593662,34386,50,34336,596128
27,4,656907,38018,50,37968,659663
27,5,789239,45877,50,45827,792441
27,6,569614,33134,50,33084,571955
27,7,647626,37472,50,37422,650332
27,8,660350,38461,50,38411,663015
27,9,578555,33640,50,33590,580978
27,10,697213,40481,50,40431,700089
27,11,668232,38539,50,38489,671029
27,12,506210,29375,50,29325,508279
27,13,646843,37555,50,37505,649470
27,14,671229,39225,50,39175,674078
27,15,647038,37841,50,37791,649705
27,16,933783,54284,50,54234,937737
27,17,821120,47723,50,47673,824535
27,18,759964,44122,50,44072,763097
27,19,728707,42299,50,42249,731826
27,20,738429,43065,50,43015,741394
27,21,612009,35680,50,35630,614520
27,22,658169,38124,50,38074,660888
27,23,661871,38603,50,38553,664609
27,24,731919,42539,50,42489,734959
27,25,585398,33970,50,33920,587800
28,1,699966,41720,50,41670,702757
28,2,610641,36491,50,36441,613104
28,3,649053,38880,50,38830,651818
28,4,769940,46212,50,46162,773103
28,5,746797,44541,50,44491,749925
28,6,506727,30218,50,30168,508773
28,7,707687,41977,50,41927,710663
28,8,565934,33846,50,33796,568265
28,9,602403,36183,50,36133,604819
28,10,725355,43180,50,43130,728404
28,11,506596,30330,50,30280,508696
28,12,679164,40607,50,40557,682027
28,13,693657,41446,50,41396,696527
28,14,621811,37515,50,37465,624407
28,15,694167,41302,50,41252,696915
28,16,614869,36785,50,36735,617377
28,17,615771,36727,50,36677,618265
28,18,628170,37833,50,37783,630796
28,19,631232,37833,50,37783,633940
28,20,650388,38946,50,38896,653169
28,21,687813,41152,50,41102,690623
28,22,496992,29735,50,29685,499119
28,23,826668,49167,50,49117,830117
28,24,862152,51840,50,51790,865794
28,25,775970,46738,50,46688,779125
29,1,658488,40580,50,40530,661165
29,2,676384,41575,50,41525,679094
29,3,615509,37765,50,37715,618042
29,4,526460,32153,50,32103,528586
29,5,831577,50643,50,50593,834988
29,6,612460,37451,50,37401,615058
29,7,579623,35462,50,35412,581940
29,8,680466,41850,50,41800,683287
29,9,722974,44254,50,44204,725896
29,10,455972,27911,50,27861,457855
29,11,648830,39890,50,39840,651469
29,12,676446,41350,50,41300,679196
29,13,460958,28210,50,28160,462868
29,14,727762,44702,50,44652,730747
29,15,602478,37048,50,36998,605004
29,16,1043268,63653,50,63603,1047611
29,17,686462,42090,50,42040,689335
29,18,555495,33980,50,33930,557811
29,19,778965,47734,50,47684,782127
29,20,681382,41528,50,41478,684186
29,21,690786,42475,50,42425,693615
29,22,656137,40095,50,40045,658911
29,23,682847,41825,50,41775,685748
29,24,726179,44050,50,44000,729126
29,25,745331,45502,50,45452,748354
30,1,575583,35931,50,35881,577987
30,2,656544,41430,50,41380,659343
30,3,608725,38382,50,38332,611212
30,4,628867,39289,50,39239,631517
30,5,603587,37780,50,37730,606018
30,6,598343,37749,50,37699,600834
30,7,606499,38006,50,37956,608977
30,8,618804,39091,50,39041,621450
30,9,676651,42508,50,42458,679531
30,10,595648,37365,50,37315,598121
30,11,726353,45684,50,45634,729369
30,12,671392,42190,50,42140,674178
30,13,547796,34198,50,34148,550091
30,14,739496,46616,50,46566,742564
30,15,805532,50657,50,50607,808740
30,16,628478,39326,50,39276,631087
30,17,695201,43395,50,43345,698054
30,18,649835,41087,50,41037,652558
30,19,822397,51586,50,51536,825953
30,20,757118,47511,50,47461,760305
30,21,608629,38438,50,38388,611142
30,22,651339,40741,50,40691,654081
30,23,702385,44394,50,44344,705269
30,24,553103,34888,50,34838,555357
30,25,620966,38950,50,38900,623446
31,1,863605,55674,50,55624,867171
31,2,648352,42097,50,42047,650987
31,3,542683,34775,50,34725,544903
31,4,549319,35196,50,35146,551590
31,5,582383,37713,50,37663,584845
31,6,756045,48542,50,48492,759180
31,7,527032,33908,50,33858,529228
31,8,726406,46477,50,46427,729317
31,9,632055,40631,50,40581,634648
31,10,726943,46665,50,46615,730086
31,11,556205,35836,50,35786,558508
31,12,828440,52820,50,52770,831810
31,13,464752,29700,50,29650,466664
31,14,542655,34757,50,34707,544876
31,15,561502,36035,50,35985,563815
31,16,554201,35583,50,35533,556407
31,17,667946,42899,50,42849,670714
31,18,695211,44519,50,44469,698135
31,19,753966,48475,50,48425,756963
31,20,680837,43967,50,43917,683757
31,21,596089,38395,50,38345,598531
31,22,664108,42596,50,42546,666846
31,23,787741,50480,50,50430,791127
31,24,610165,39195,50,39145,612627
31,25,893108,57328,50,57278,896861
32,1,785517,51785,50,51735,788817
32,2,810778,53238,50,53188,814176
32,3,677080,44217,50,44167,679932
32,4,723285,47408,50,47358,726323
32,5,786671,51757,50,51707,789895
32,6,663918,43710,50,43660,666702
32,7,582590,38390,50,38340,584996
32,8,558727,36852,50,36802,561125
32,9,509294,33263,50,33213,511498
32,10,582129,37941,50,37891,584478
32,11,589399,38496,50,38446,591858
32,12,555666,36487,50,36437,558005
32,13,711425,47287,50,47237,714331
32,14,606400,39548,50,39498,608864
32,15,544082,35763,50,35713,546322
32,16,467505,30649,50,30599,469399
32,17,771518,50216,50,50166,774737
32,18,537757,34938,50,34888,539970
32,19,661982,43402,50,43352,664745
32,20,781921,51000,50,50950,785153
32,21,607167,39957,50,39907,609682
32,22,659183,43661,50,43611,661827
32,23,754743,49670,50,49620,757856
32,24,641338,42156,50,42106,643968
32,25,595526,39156,50,39106,597979
33,1,632927,42194,50,42144,635550
33,2,770441,51260,50,51210,773539
33,3,494479,33027,50,32977,496472
33,4,766725,51546,50,51496,769946
33,5,764507,51195,50,51145,767724
33,6,577657,38828,50,38778,580115
33,7,633669,42358,50,42308,636218
33,8,657999,44113,50,44063,660821
33,9,727988,48730,50,48680,730987
33,10,722034,48648,50,48598,725089
33,11,717358,47848,50,47798,720402
33,12,539589,35956,50,35906,541761
33,13,688454,46024,50,45974,691234
33,14,835227,55625,50,55575,838699
33,15,856432,57804,50,57754,860002
33,16,538977,36141,50,36091,541246
33,17,675012,45181,50,45131,677937
33,18,658897,44623,50,44573,661619
33,19,477579,31961,50,31911,479599
33,20,669042,44793,50,44743,671830
33,21,752172,50091,50,50041,755309
33,22,795269,53291,50,53241,798488
33,23,629768,42213,50,42163,632417
33,24,479482,32271,50,32221,481451
33,25,460572,30797,50,30747,462589
34,1,625136,42664,50,42614,627692
34,2,691022,46893,50,46843,693942
34,3,714981,48710,50,48660,717950
34,4,718961,48788,50,48738,721965
34,5,631961,43340,50,43290,634649
34,6,505738,34383,50,34333,507802
34,7,626810,42437,50,42387,629426
34,8,696613,47783,50,47733,699538
34,9,547599,37191,50,37141,549848
34,10,668101,45242,50,45192,670859
34,11,677777,45943,50,45893,680518
34,12,876100,59939,50,59889,879695
34,13,528805,36213,50,36163,530963
34,14,796384,54025,50,53975,799666
34,15,600748,40615,50,40565,603240
34,16,703546,48037,50,47987,706330
34,17,635294,43055,50,43005,637965
34,18,791900,53867,50,53817,795183
34,19,601635,40558,50,40508,604158
34,20,557390,38034,50,37984,559666
34,21,796997,54281,50,54231,800362
34,22,555788,37632,50,37582,558041
34,23,692229,46802,50,46752,695043
34,24,662389,44938,50,44888,665066
34,25,697257,47550,50,47500,700031
35,1,719698,49960,50,49910,722599
35,2,548919,37875,50,37825,551195
35,3,777106,54184,50,54134,780338
35,4,682918,47092,50,47042,685738
35,5,742912,51102,50,51052,745931
35,6,611494,42291,50,42241,614029
35,7,571578,39499,50,39449,573906
35,8,474789,32687,50,32637,476798
35,9,850915,58694,50,58644,854454
35,10,588471,40401,50,40351,590934
35,11,605846,42160,50,42110,608380
35,12,594185,41415,50,41365,596701
35,13,510365,34996,50,34946,512476
35,14,700326,48219,50,48169,703258
35,15,559510,38924,50,38874,561850
35,16,585552,40460,50,40410,587935
35,17,708663,48758,50,48708,711551
35,18,582127,40040,50,39990,584513
35,19,645141,44506,50,44456,647892
35,20,661634,45787,50,45737,664394
35,21,785384,54104,50,54054,788669
35,22,650871,44786,50,44736,653557
35,23,657090,45541,50,45491,659827
35,24,624784,42918,50,42868,627366
35,25,526515,36163,50,36113,528700
36,1,512316,36253,50,36203,514453
36,2,813539,57535,50,57485,816944
36,3,587716,41468,50,41418,590213
36,4,684151,47921,50,47871,687006
36,5,682622,47415,50,47365,685460
36,6,522985,36605,50,36555,525135
36,7,464625,32614,50,32564,466603
36,8,776451,54551,50,54501,779591
36,9,550018,38589,50,38539,552279
36,10,510623,35990,50,35940,512764
36,11,508612,35471,50,35421,510647
36,12,661662,46617,50,46567,664413
36,13,632909,44592,50,44542,635531
36,14,673592,47624,50,47574,676402
36,15,587898,40958,50,40908,590383
36,16,666329,46780,50,46730,669051
36,17,700985,49324,50,49274,703884
36,18,521338,36371,50,36321,523486
36,19,539527,37864,50,37814,541790
36,20,686951,48299,50,48249,689836
36,21,569283,39701,50,39651,571593
36,22,691710,48324,50,48274,694517
36,23,709245,50043,50,49993,712199
36,24,743066,52094,50,52044,746156
36,25,612784,42993,50,42943,615378
37,1,734489,52313,50,52263,737598
37,2,588870,41991,50,41941,591307
37,3,557338,39589,50,39539,559678
37,4,530641,38121,50,38071,532832
37,5,671388,47994,50,47944,674130
37,6,483271,34623,50,34573,485329
37,7,524659,37358,50,37308,526802
37,8,677003,48165,50,48115,679794
37,9,819329,58361,50,58311,822744
37,10,877860,62293,50,62243,881579
37,11,647330,46220,50,46170,650025
37,12,623266,44620,50,44570,625884
37,13,759858,54300,50,54250,762985
37,14,684381,48425,50,48375,687220
37,15,521736,37304,50,37254,523995
37,16,734821,52463,50,52413,737841
37,17,668436,47751,50,47701,671207
37,18,680195,48315,50,48265,683033
37,19,664314,47311,50,47261,667122
37,20,723362,51666,50,51616,726288
37,21,574037,40493,50,40443,576491
37,22,867577,62287,50,62237,871253
37,23,655560,47005,50,46955,658279
37,24,538003,38087,50,38037,540190
37,25,638448,45209,50,45159,641127
38,1,633553,45375,50,45325,636206
38,2,625457,45096,50,45046,627972
38,3,776337,56378,50,56328,779504
38,4,722533,52181,50,52131,725490
38,5,492581,35511,50,35461,494587
38,6,718425,51663,50,51613,721412
38,7,723453,51969,50,51919,726488
38,8,659327,47613,50,47563,661938
38,9,759004,54546,50,54496,762160
38,10,646322,47101,50,47051,649037
38,11,729654,52350,50,52300,732652
38,12,681138,48995,50,48945,683919
38,13,541012,39269,50,39219,543238
38,14,790556,56880,50,56830,793831
38,15,520642,37566,50,37516,522884
38,16,647954,46795,50,46745,650590
38,17,803244,57944,50,57894,806593
38,18,935528,67532,50,67482,939406
38,19,534950,38365,50,38315,537173
38,20,561122,40698,50,40648,563471
38,21,462549,33590,50,33540,464469
38,22,866058,62519,50,62469,869619
38,23,758273,54800,50,54750,761395
38,24,530384,38388,50,38338,532565
38,25,641238,46167,50,46117,643991
39,1,660704,48506,50,48456,663503
39,2,579848,42288,50,42238,582247
39,3,613714,44749,50,44699,616224
39,4,456582,33418,50,33368,458489
39,5,617994,45075,50,45025,620487
39,6,619517,45490,50,45440,622099
39,7,659732,48335,50,48285,662480
39,8,760885,55221,50,55171,764087
39,9,635372,46306,50,46256,637985
39,10,764932,55693,50,55643,768062
39,11,744463,53970,50,53920,747533
39,12,716301,52370,50,52320,719220
39,13,503158,36828,50,36778,505261
39,14,654218,47701,50,47651,656952
39,15,572019,41618,50,41568,574494
39,16,704798,51514,50,51464,707708
39,17,664882,48781,50,48731,667620
39,18,706595,51511,50,51461,709534
39,19,636975,46147,50,46097,639579
39,20,464953,34099,50,34049,466949
39,21,660513,48217,50,48167,663214
39,22,502670,36955,50,36905,504779
39,23,580397,42467,50,42417,582774
39,24,653740,47803,50,47753,656494
39,25,714290,52537,50,52487,717294
40,1,723149,53320,50,53270,726164
40,2,618841,45537,50,45487,621468
40,3,484376,35694,50,35644,486346
40,4,673118,49399,50,49349,675870
40,5,683838,50260,50,50210,686637
40,6,725559,53998,50,53948,728590
40,7,698040,51437,50,51387,700935
40,8,644656,47496,50,47446,647400
40,9,704482,52273,50,52223,707392
40,10,645773,47631,50,47581,648387
40,11,658950,48640,50,48590,661646
40,12,569928,42329,50,42279,572286
40,13,747214,55483,50,55433,750337
40,14,569675,42054,50,42004,572109
40,15,563970,41713,50,41663,566265
40,16,428414,31964,50,31914,430197
40,17,698317,51344,50,51294,701172
40,18,662387,48908,50,48858,665136
40,19,653205,48355,50,48305,655826
40,20,658631,47936,50,47886,661417
40,21,505352,37383,50,37333,507408
40,22,541613,40284,50,40234,543805
40,23,666631,48758,50,48708,669388
40,24,795973,58889,50,58839,799180
40,25,767675,56764,50,56714,770854
41,1,601227,44754,50,44704,603728
41,2,565368,41935,50,41885,567715
41,3,712504,52834,50,52784,715495
41,4,585062,43613,50,43563,587444
41,5,634593,46863,50,46813,637209
41,6,683460,50815,50,50765,686357
41,7,718555,53550,50,53500,721628
41,8,627225,46803,50,46753,629843
41,9,752414,56162,50,56112,755529
41,10,694137,51642,50,51592,697180
41,11,646926,48093,50,48043,649575
41,12,715974,53432,50,53382,718932
41,13,562458,42007,50,41957,564822
41,14,469938,35015,50,34965,471847
41,15,645602,48440,50,48390,648357
41,16,682148,51043,50,50993,685005
41,17,800173,59547,50,59497,803587
41,18,655271,48878,50,48828,658037
41,19,584477,43612,50,43562,586900
41,20,676297,50035,50,49985,679039
41,21,578074,43139,50,43089,580413
41,22,672469,50342,50,50292,675272
41,23,790178,59006,50,58956,793567
41,24,729090,54368,50,54318,732053
41,25,738690,54932,50,54882,741784
42,1,692102,52132,50,52082,694991
42,2,722176,54365,50,54315,725203
42,3,823471,61812,50,61762,826829
42,4,728069,54418,50,54368,730990
42,5,714969,53191,50,53141,717936
42,6,662711,49876,50,49826,665437
42,7,666523,50155,50,50105,669237
42,8,578748,43274,50,43224,581208
42,9,601970,45326,50,45276,604517
42,10,634094,47533,50,47483,636736
42,11,507601,38041,50,37991,509667
42,12,671151,50739,50,50689,673854
42,13,782924,58564,50,58514,786096
42,14,585483,44226,50,44176,587894
42,15,772883,57945,50,57895,776081
42,16,569411,42872,50,42822,571756
42,17,732229,54960,50,54910,735324
42,18,619450,46192,50,46142,622053
42,19,740475,55449,50,55399,743592
42,20,766325,57514,50,57464,769556
42,21,844725,63279,50,63229,848255
42,22,696594,52272,50,52222,699536
42,23,672570,50436,50,50386,675363
42,24,537701,40413,50,40363,540017
42,25,715870,53603,50,53553,718848
43,1,643954,48596,50,48546,646599
43,2,626595,47331,50,47281,629123
43,3,486898,37097,50,37047,488887
43,4,792073,59665,50,59615,795345
43,5,529884,40191,50,40141,532101
43,6,537667,40488,50,40438,539792
43,7,646330,49283,50,49233,649011
43,8,585135,43914,50,43864,587536
43,9,526508,39504,50,39454,528691
43,10,683153,51519,50,51469,686004
43,11,477984,35785,50,35735,479971
43,12,670911,50629,50,50579,673625
43,13,739451,55613,50,55563,742499
43,14,593528,44993,50,44943,596024
43,15,538303,40907,50,40857,540525
43,16,770434,58264,50,58214,773631
43,17,711862,53578,50,53528,714842
43,18,814837,61857,50,61807,818171
43,19,569389,43173,50,43123,571789
43,20,611000,46451,50,46401,613526
43,21,615585,46489,50,46439,618043
43,22,761760,57698,50,57648,764898
43,23,620594,46670,50,46620,623175
43,24,655751,49778,50,49728,658401
43,25,618801,46803,50,46753,621330
44,1,844988,64583,50,64533,848552
44,2,612240,46633,50,46583,614814
44,3,810069,61710,50,61660,813329
44,4,558620,42425,50,42375,561051
44,5,840772,64043,50,63993,844251
44,6,667417,51069,50,51019,670175
44,7,712552,54250,50,54200,715588
44,8,628107,47949,50,47899,630804
44,9,608433,46344,50,46294,610875
44,10,529893,40322,50,40272,532151
44,11,574931,43358,50,43308,577354
44,12,602185,45718,50,45668,604664
44,13,533463,40507,50,40457,535713
44,14,543018,41350,50,41300,545274
44,15,680106,52138,50,52088,683002
44,16,565214,43047,50,42997,567533
44,17,623206,47395,50,47345,625756
44,18,673430,50961,50,50911,676228
44,19,570514,43438,50,43388,572959
44,20,612846,46755,50,46705,615441
44,21,623430,47610,50,47560,626095
44,22,580581,44250,50,44200,582916
44,23,701485,53845,50,53795,704335
44,24,702086,53606,50,53556,705070
44,25,599664,45582,50,45532,602127
45,1,642541,49556,50,49506,645267
45,2,579057,44266,50,44216,581489
45,3,595800,45713,50,45663,598323
45,4,662734,50624,50,50574,665474
45,5,586844,45034,50,44984,589262
45,6,438158,33622,50,33572,440001
45,7,573825,43832,50,43782,576218
45,8,842454,63738,50,63688,845991
45,9,432877,33288,50,33238,434682
45,10,665283,50743,50,50693,667956
45,11,592089,45337,50,45287,594522
45,12,680605,51617,50,51567,683369
45,13,715902,55041,50,54991,718827
45,14,661065,50500,50,50450,663865
45,15,535192,41152,50,41102,537406
45,16,604821,46591,50,46541,607293
45,17,566746,43112,50,43062,569116
45,18,641708,48780,50,48730,644290
45,19,646450,49724,50,49674,649005
45,20,618860,47223,50,47173,621424
45,21,590249,45407,50,45357,592756
45,22,553804,42481,50,42431,556075
45,23,596832,45305,50,45255,599219
45,24,657813,50227,50,50177,660492
45,25,426982,32567,50,32517,428745
46,1,758278,57973,50,57923,761452
46,2,543235,41681,50,41631,545493
46,3,644937,49245,50,49195,647689
46,4,610417,47224,50,47174,612964
46,5,633339,48860,50,48810,635920
46,6,601623,46010,50,45960,604136
46,7,722721,55610,50,55560,725759
46,8,714362,54600,50,54550,717302
46,9,586057,45120,50,45070,588447
46,10,592203,45849,50,45799,594663
46,11,733822,55968,50,55918,736937
46,12,774557,59686,50,59636,777719
46,13,475291,36397,50,36347,477303
46,14,596480,45744,50,45694,599051
46,15,574414,44354,50,44304,576881
46,16,700211,54276,50,54226,703153
46,17,656758,50550,50,50500,659509
46,18,636923,49091,50,49041,639548
46,19,675086,52055,50,52005,677817
46,20,619963,47707,50,47657,622568
46,21,664173,51252,50,51202,666919
46,22,695534,53395,50,53345,698466
46,23,674393,51488,50,51438,677211
46,24,664515,51906,50,51856,667213
46,25,645747,50162,50,50112,648476
47,1,654226,50707,50,50657,656987
47,2,582164,45081,50,45031,584537
47,3,758788,58458,50,58408,761967
47,4,648830,49864,50,49814,651572
47,5,625403,48534,50,48484,628064
47,6,539134,41629,50,41579,541394
47,7,551740,42867,50,42817,553975
47,8,754271,58075,50,58025,757386
47,9,810353,62256,50,62206,813717
47,10,691508,53491,50,53441,694434
47,11,862687,67009,50,66959,866374
47,12,467405,36339,50,36289,469397
47,13,673137,51824,50,51774,676025
47,14,616966,47538,50,47488,619412
47,15,585094,45104,50,45054,587399
47,16,777444,59781,50,59731,780750
47,17,622913,48461,50,48411,625461
47,18,730586,56257,50,56207,733612
47,19,779044,60198,50,60148,782253
47,20,530190,40805,50,40755,532329
47,21,635359,48905,50,48855,638011
47,22,724632,55915,50,55865,727562
47,23,605265,46908,50,46858,607739
47,24,764435,58981,50,58931,767622
47,25,610584,47244,50,47194,613069
48,1,630721,48558,50,48508,633475
48,2,577833,44982,50,44932,580121
48,3,592389,45869,50,45819,594787
48,4,555634,43052,50,43002,557929
48,5,594171,45864,50,45814,596623
48,6,560373,43139,50,43089,562724
48,7,612491,47392,50,47342,615007
48,8,741451,57435,50,57385,744456
48,9,706297,55070,50,55020,709228
48,10,581547,44892,50,44842,583876
48,11,533394,41229,50,41179,535566
48,12,612012,47286,50,47236,614545
48,13,686983,52852,50,52802,689851
48,14,607683,47056,50,47006,610207
48,15,708030,54812,50,54762,710949
48,16,591369,45431,50,45381,593792
48,17,671268,52090,50,52040,674094
48,18,568096,43937,50,43887,570471
48,19,602194,46637,50,46587,604702
48,20,541560,41538,50,41488,543884
48,21,830196,64167,50,64117,833633
48,22,541739,41648,50,41598,543991
48,23,487747,37897,50,37847,489777
48,24,612416,47278,50,47228,614972
48,25,563329,43297,50,43247,565574
49,1,639401,49511,50,49461,641963
49,2,519463,40473,50,40423,521588
49,3,658966,50590,50,50540,661741
49,4,637752,49273,50,49223,640299
49,5,625138,48276,50,48226,627650
49,6,759087,58922,50,58872,762296
49,7,620098,47804,50,47754,622563
49,8,589770,45665,50,45615,592235
49,9,703171,54292,50,54242,705995
49,10,789414,60952,50,60902,792672
49,11,705157,54394,50,54344,708025
49,12,629827,48353,50,48303,632395
49,13,434802,33695,50,33645,436641
49,14,528526,40871,50,40821,530658
49,15,850724,65871,50,65821,854242
49,16,773039,59802,50,59752,776262
49,17,562868,43619,50,43569,565181
49,18,630173,48868,50,48818,632817
49,19,759535,59171,50,59121,762651
49,20,517381,40246,50,40196,519538
49,21,735055,56811,50,56761,738106
49,22,544166,42465,50,42415,546437
49,23,764162,59210,50,59160,767227
49,24,587494,45107,50,45057,589911
49,25,508549,39481,50,39431,510683
50,1,767423,59483,50,59433,770622
50,2,652758,50443,50,50393,655503
50,3,683548,52893,50,52843,686403
50,4,858739,66901,50,66851,862353
50,5,669672,51462,50,51412,672380
50,6,589077,45694,50,45644,591503
50,7,747251,58047,50,57997,750324
50,8,655174,51083,50,51033,657853
50,9,673892,52166,50,52116,676709
50,10,529792,41113,50,41063,531992
50,11,575824,44327,50,44277,578220
50,12,964023,74487,50,74437,967901
50,13,472515,36299,50,36249,474498
50,14,732640,56406,50,56356,735746
50,15,536368,41559,50,41509,538583
50,16,586395,45002,50,44952,588792
50,17,566517,43713,50,43663,568908
50,18,486013,37647,50,37597,488084
50,19,669319,52017,50,51967,672106
50,20,693115,53453,50,53403,695982
50,21,647917,50137,50,50087,650601
50,22,805365,62724,50,62674,808655
50,23,705627,54686,50,54636,708514
50,24,596017,46284,50,46234,598552
50,25,652851,50825,50,50775,655513
51,1,732724,56798,50,56748,735752
51,2,633168,48867,50,48817,635850
51,3,611310,47448,50,47398,613822
51,4,632917,48292,50,48242,635666
51,5,632263,48903,50,48853,634892
51,6,626572,48587,50,48537,629176
51,7,755600,58753,50,58703,758783
51,8,581715,45063,50,45013,584085
51,9,621490,48039,50,47989,624187
51,10,654480,50738,50,50688,657200
51,11,660127,51041,50,50991,662936
51,12,676667,52679,50,52629,679487
51,13,641521,50127,50,50077,644113
51,14,854149,66609,50,66559,857873
51,15,629521,48648,50,48598,632075
51,16,732263,56545,50,56495,735143
51,17,867888,67173,50,67123,871445
51,18,590493,45685,50,45635,592877
51,19,731015,56707,50,56657,734028
51,20,509547,39911,50,39861,511687
51,21,696078,54092,50,54042,698859
51,22,571881,44067,50,44017,574252
51,23,570416,43985,50,43935,572846
51,24,741144,56927,50,56877,744218
51,25,507298,39360,50,39310,509389
52,1,671049,52265,50,52215,673770
52,2,548477,42573,50,42523,550744
52,3,650593,50032,50,49982,653226
52,4,606905,46879,50,46829,609410
52,5,730643,56482,50,56432,733653
52,6,586901,45379,50,45329,589328
52,7,682562,53077,50,53027,685427
52,8,643432,49656,50,49606,645973
52,9,619500,47979,50,47929,621995
52,10,619640,47919,50,47869,622152
52,11,570762,44104,50,44054,573053
52,12,533742,41124,50,41074,535934
52,13,765161,59533,50,59483,768434
52,14,712112,55546,50,55496,715058
52,15,627095,48809,50,48759,629680
52,16,668506,52138,50,52088,671217
52,17,867711,66974,50,66924,871235
52,18,558779,43305,50,43255,561171
52,19,704864,54726,50,54676,707778
52,20,595179,46077,50,46027,597671
52,21,635545,49440,50,49390,638217
52,22,573176,44307,50,44257,575540
52,23,629579,48802,50,48752,632216
52,24,642971,49907,50,49857,645597
52,25,663650,51055,50,51005,666403
53,1,606900,46862,50,46812,609382
53,2,591853,45828,50,45778,594312
53,3,677177,52309,50,52259,680004
53,4,692297,53275,50,53225,695233
53,5,713583,55250,50,55200,716507
53,6,663677,51219,50,51169,666625
53,7,813466,62873,50,62823,816920
53,8,875418,67755,50,67705,879112
53,9,719164,55778,50,55728,722207
53,10,599123,46540,50,46490,601631
53,11,639676,49751,50,49701,642320
53,12,817575,63408,50,63358,821013
53,13,657924,50747,50,50697,660648
53,14,717045,55740,50,55690,720066
53,15,546740,42472,50,42422,548892
53,16,582065,44922,50,44872,584505
53,17,624640,48450,50,48400,627219
53,18,605617,46860,50,46810,608093
53,19,884696,68444,50,68394,888260
53,20,639510,49514,50,49464,642168
53,21,581961,44939,50,44889,584459
53,22,702596,54378,50,54328,705581
53,23,593563,45977,50,45927,595995
53,24,666381,51661,50,51611,669235
53,25,578346,44606,50,44556,580678
54,1,897738,69976,50,69926,901422
54,2,643142,49951,50,49901,645912
54,3,722222,56109,50,56059,725255
54,4,674320,52371,50,52321,677085
54,5,820498,63619,50,63569,823923
54,6,552357,42604,50,42554,554658
54,7,738117,57029,50,56979,741204
54,8,439302,34190,50,34140,441101
54,9,694028,53866,50,53816,696905
54,10,754352,58977,50,58927,757454
54,11,568181,44431,50,44381,570576
54,12,586567,45746,50,45696,589055
54,13,730278,56610,50,56560,733345
54,14,590414,45681,50,45631,592837
54,15,554612,43254,50,43204,556903
54,16,663671,51729,50,51679,666423
54,17,659153,51173,50,51123,661886
54,18,657547,51219,50,51169,660376
54,19,634741,49431,50,49381,637371
54,20,618325,47962,50,47912,620853
54,21,699258,54300,50,54250,702075
54,22,703623,54482,50,54432,706670
54,23,592342,45869,50,45819,594800
54,24,677776,52372,50,52322,680640
54,25,572366,44254,50,44204,574772
55,1,486750,37677,50,37627,488837
55,2,621065,48392,50,48342,623703
55,3,574447,44461,50,44411,576890
55,4,645955,49729,50,49679,648624
55,5,655980,50465,50,50415,658609
55,6,762584,59362,50,59312,765810
55,7,742123,57461,50,57411,745242
55,8,686100,53209,50,53159,688922
55,9,557090,43156,50,43106,559434
55,10,689497,53419,50,53369,692377
55,11,687168,53089,50,53039,690010
55,12,660634,51130,50,51080,663292
55,13,593246,46092,50,46042,595704
55,14,617211,48032,50,47982,619872
55,15,632918,49005,50,48955,635579
55,16,571418,44455,50,44405,573791
55,17,659864,50751,50,50701,662577
55,18,795566,61451,50,61401,798838
55,19,606333,47066,50,47016,608886
55,20,613826,47230,50,47180,616366
55,21,658056,51051,50,51001,660771
55,22,548123,42515,50,42465,550390
55,23,697905,53822,50,53772,700865
55,24,644552,49859,50,49809,647197
55,25,506728,39345,50,39295,508756
56,1,602372,46755,50,46705,604934
56,2,626657,48872,50,48822,629225
56,3,669495,51865,50,51815,672370
56,4,748176,57810,50,57760,751219
56,5,462765,35776,50,35726,464600
56,6,786306,60441,50,60391,789630
56,7,615648,47788,50,47738,618177
56,8,477090,37008,50,36958,479039
56,9,649111,50244,50,50194,651825
56,10,557085,43134,50,43084,559347
56,11,561202,43499,50,43449,563553
56,12,807958,62823,50,62773,811273
56,13,677253,52537,50,52487,679996
56,14,572717,44363,50,44313,574997
56,15,648373,50251,50,50201,651128
56,16,758904,58471,50,58421,762065
56,17,547460,42345,50,42295,549755
56,18,690437,53919,50,53869,693257
56,19,597630,46198,50,46148,600023
56,20,796702,62081,50,62031,800130
56,21,530935,41245,50,41195,533119
56,22,586097,45468,50,45418,588561
56,23,640352,49281,50,49231,642988
56,24,598082,46456,50,46406,600513
56,25,748500,58038,50,57988,751559
57,1,784038,60754,50,60704,787302
57,2,703189,54405,50,54355,706177
57,3,773912,59676,50,59626,777103
57,4,781931,60566,50,60516,785128
57,5,651705,50253,50,50203,654349
57,6,660457,51322,50,51272,663219
57,7,419478,32543,50,32493,421212
57,8,629237,48802,50,48752,631814
57,9,688514,53563,50,53513,691414
57,10,623322,48792,50,48742,625832
57,11,528013,40724,50,40674,530131
57,12,495694,38759,50,38709,497778
57,13,613121,47279,50,47229,615641
57,14,696336,53804,50,53754,699236
57,15,661752,51240,50,51190,664482
57,16,703341,54381,50,54331,706192
57,17,700002,54430,50,54380,702862
57,18,567449,43941,50,43891,569731
57,19,549459,42367,50,42317,551692
57,20,698438,54335,50,54285,701338
57,21,729794,56750,50,56700,732774
57,22,606510,46958,50,46908,609039
57,23,752333,58673,50,58623,755359
57,24,622396,47981,50,47931,624996
57,25,550460,42321,50,42271,552802
58,1,407919,31794,50,31744,409562
58,2,572126,44358,50,44308,574527
58,3,711325,54749,50,54699,714306
58,4,697330,53819,50,53769,700240
58,5,773530,59931,50,59881,776623
58,6,580140,44615,50,44565,582574
58,7,679975,53084,50,53034,682640
58,8,745912,58465,50,58415,749062
58,9,727572,56623,50,56573,730600
58,10,775840,60108,50,60058,779076
58,11,615774,47533,50,47483,618298
58,12,559181,43375,50,43325,561503
58,13,552316,43058,50,43008,554627
58,14,732135,56394,50,56344,735143
58,15,780764,60159,50,60109,783955
58,16,653404,50220,50,50170,656072
58,17,605476,46432,50,46382,608024
58,18,610578,46991,50,46941,613066
58,19,556347,43316,50,43266,558641
58,20,590309,45458,50,45408,592743
58,21,714193,55259,50,55209,717132
58,22,817922,63189,50,63139,821364
58,23,628497,48881,50,48831,631165
58,24,508193,39284,50,39234,510255
58,25,829842,64313,50,64263,833248
59,1,565804,43861,50,43811,568086
59,2,811358,62567,50,62517,814629
59,3,535267,41443,50,41393,537455
59,4,523845,40682,50,40632,526011
59,5,629186,48660,50,48610,631804
59,6,792710,60931,50,60881,795965
59,7,628626,48390,50,48340,631208
59,8,528653,40917,50,40867,530845
59,9,657646,50703,50,50653,660314
59,10,693274,53933,50,53883,696194
59,11,535417,41349,50,41299,537635
59,12,507460,39149,50,39099,509495
59,13,749209,57775,50,57725,752487
59,14,542158,42053,50,42003,544414
59,15,598572,46526,50,46476,600980
59,16,687208,53599,50,53549,690080
59,17,658383,51011,50,50961,661226
59,18,688771,53466,50,53416,691603
59,19,596093,46164,50,46114,598640
59,20,736461,57056,50,57006,739545
59,21,551263,42172,50,42122,553594
59,22,723900,56210,50,56160,726955
59,23,738594,57083,50,57033,741756
59,24,599491,46131,50,46081,601967
59,25,481463,37274,50,37224,483460
60,1,635959,49264,50,49214,638618
60,2,531066,41068,50,41018,533245
60,3,639050,49127,50,49077,641759
60,4,671296,51952,50,51902,674197
60,5,555558,43284,50,43234,557773
60,6,780130,60327,50,60277,783350
60,7,650094,50655,50,50605,652827
60,8,548067,42575,50,42525,550345
60,9,748130,57876,50,57826,751165
60,10,659229,51383,50,51333,661960
60,11,570170,44049,50,43999,572528
60,12,581358,45088,50,45038,583736
60,13,543159,42221,50,42171,545457
60,14,726082,56463,50,56413,729142
60,15,680900,52959,50,52909,683748
60,16,594248,46170,50,46120,596722
60,17,759482,59050,50,59000,762549
60,18,608340,47245,50,47195,610876
60,19,598613,46270,50,46220,601024
60,20,549314,42745,50,42695,551524
60,21,760239,58937,50,58887,763318
60,22,560763,43919,50,43869,563073
60,23,748045,58055,50,58005,751172
60,24,550012,42496,50,42446,552314
60,25,583449,45155,50,45105,585916
61,1,570086,44009,50,43959,572489
61,2,647468,49797,50,49747,650150
61,3,662539,51460,50,51410,665258
61,4,705259,54294,50,54244,708271
61,5,683542,52737,50,52687,686356
61,6,647176,50197,50,50147,649853
61,7,584533,45027,50,44977,586898
61,8,824639,64128,50,64078,828024
61,9,644108,50036,50,49986,646868
61,10,588089,45525,50,45475,590501
61,11,695438,53845,50,53795,698397
61,12,743866,57402,50,57352,747022
61,13,746643,58017,50,57967,749681
61,14,667340,51735,50,51685,670046
61,15,625038,48522,50,48472,627623
61,16,709914,54999,50,54949,712770
61,17,605483,46858,50,46808,607930
61,18,765261,59226,50,59176,768449
61,19,606848,46846,50,46796,609411
61,20,815949,62976,50,62926,819366
61,21,704966,54560,50,54510,707876
61,22,738872,56665,50,56615,741916
61,23,884531,68627,50,68577,888084
61,24,405669,31565,50,31515,407347
61,25,811614,62705,50,62655,814950
62,1,686446,52887,50,52837,689229
62,2,569162,44042,50,43992,571532
62,3,693484,54047,50,53997,696319
62,4,663049,51536,50,51486,665813
62,5,511828,38945,50,38895,513947
62,6,425205,32655,50,32605,427030
62,7,557063,43180,50,43130,559451
62,8,595042,46027,50,45977,597504
62,9,571064,44089,50,44039,573373
62,10,526827,40552,50,40502,528954
62,11,751631,58451,50,58401,754804
62,12,662592,51521,50,51471,665369
62,13,622865,48561,50,48511,625400
62,14,643216,49599,50,49549,645882
62,15,624461,48527,50,48477,627011
62,16,564351,43775,50,43725,566706
62,17,638842,49613,50,49563,641480
62,18,486739,37982,50,37932,488776
62,19,620979,47830,50,47780,623512
62,20,561001,43747,50,43697,563312
62,21,649277,50401,50,50351,651929
62,22,788839,60776,50,60726,792121
62,23,593820,45859,50,45809,596327
62,24,579331,44972,50,44922,581662
62,25,634814,49401,50,49351,637418
63,1,584952,45433,50,45383,587471
63,2,824491,64025,50,63975,827983
63,3,573644,44472,50,44422,576061
63,4,723585,56379,50,56329,726544
63,5,835369,64350,50,64300,838780
63,6,675378,52259,50,52209,678231
63,7,707976,54721,50,54671,711004
63,8,689663,52947,50,52897,692517
63,9,689501,53257,50,53207,692383
63,10,725416,56039,50,55989,728429
63,11,702451,54294,50,54244,705361
63,12,775766,59719,50,59669,778970
63,13,523713,40718,50,40668,525833
63,14,678210,52716,50,52666,680951
63,15,629667,48837,50,48787,632294
63,16,612050,47217,50,47167,614634
63,17,799294,62229,50,62179,802640
63,18,647303,49719,50,49669,649973
63,19,736472,57092,50,57042,739457
63,20,615309,47476,50,47426,617978
63,21,765733,59527,50,59477,768840
63,22,531854,41157,50,41107,534019
63,23,649065,50238,50,50188,651711
63,24,625596,48285,50,48235,628269
63,25,599017,46557,50,46507,601567
64,1,588720,45517,50,45467,591187
64,2,599285,46535,50,46485,601862
64,3,597837,46252,50,46202,600276
64,4,555804,42900,50,42850,558075
64,5,708947,54698,50,54648,711752
64,6,588938,45718,50,45668,591387
64,7,491357,38205,50,38155,493462
64,8,713714,55354,50,55304,716640
64,9,520795,40308,50,40258,522939
64,10,567146,43712,50,43662,569427
64,11,605910,47207,50,47157,608465
64,12,596444,46265,50,46215,598905
64,13,684814,53173,50,53123,687573
64,14,622863,48432,50,48382,625421
64,15,737069,57145,50,57095,740045
64,16,585390,45492,50,45442,587906
64,17,639797,49472,50,49422,642416
64,18,672369,52184,50,52134,675131
64,19,630892,48740,50,48690,633638
64,20,654300,50846,50,50796,657041
64,21,625954,48807,50,48757,628519
64,22,683394,52825,50,52775,686254
64,23,753885,58358,50,58308,757011
64,24,607552,47255,50,47205,610025
64,25,650653,50440,50,50390,653384
65,1,716219,55661,50,55611,719233
65,2,695587,53566,50,53516,698486
65,3,593959,45630,50,45580,596462
65,4,779207,60435,50,60385,782369
65,5,603635,46861,50,46811,606070
65,6,797093,61027,50,60977,800387
65,7,629325,48680,50,48630,631984
65,8,661967,51590,50,51540,664641
65,9,559315,42965,50,42915,561631
65,10,707192,54673,50,54623,710080
65,11,647336,50011,50,49961,650063
65,12,756422,58345,50,58295,759511
65,13,553071,42919,50,42869,555384
65,14,573817,44471,50,44421,576180
65,15,573070,44029,50,43979,575431
65,16,574784,44742,50,44692,577098
65,17,646671,50108,50,50058,649347
65,18,603276,46830,50,46780,605734
65,19,659688,51428,50,51378,662357
65,20,576827,44947,50,44897,579209
65,21,729797,56950,50,56900,732762
65,22,626606,48640,50,48590,629155
65,23,729430,56482,50,56432,732497
65,24,568109,43804,50,43754,570448
65,25,705331,54799,50,54749,708251
66,1,640520,49553,50,49503,643146
66,2,620332,47966,50,47916,622913
66,3,706092,54147,50,54097,709060
66,4,558505,43073,50,43023,560847
66,5,777758,60039,50,59989,780932
66,6,741259,57404,50,57354,744331
66,7,662704,51523,50,51473,665403
66,8,635010,49621,50,49571,637630
66,9,690900,53061,50,53011,693759
66,10,629531,48797,50,48747,632181
66,11,771496,59588,50,59538,774747
66,12,732176,56439,50,56389,735211
66,13,749228,58136,50,58086,752297
66,14,778886,60257,50,60207,782115
66,15,517461,39956,50,39906,519663
66,16,669083,51742,50,51692,671884
66,17,686266,52974,50,52924,689175
66,18,699951,53974,50,53924,702801
66,19,631301,49051,50,49001,633940
66,20,571943,44092,50,44042,574361
66,21,617297,47898,50,47848,619884
66,22,574543,44777,50,44727,576902
66,23,780307,60240,50,60190,783545
66,24,576431,44860,50,44810,578898
66,25,482804,36990,50,36940,484875
67,1,698670,53992,50,53942,701612
67,2,635187,49675,50,49625,637805
67,3,665183,51863,50,51813,667879
67,4,529100,40940,50,40890,531301
67,5,505248,39183,50,39133,507379
67,6,671752,52046,50,51996,674536
67,7,628963,48564,50,48514,631616
67,8,679589,52822,50,52772,682404
67,9,822159,63610,50,63560,825560
67,10,561314,43539,50,43489,563694
67,11,589363,45518,50,45468,591887
67,12,669445,51932,50,51882,672213
67,13,687838,53689,50,53639,690727
67,14,698899,54279,50,54229,701652
67,15,637535,49347,50,49297,640185
67,16,693362,53561,50,53511,696172
67,17,486477,37502,50,37452,488478
67,18,469906,36552,50,36502,471876
67,19,673565,52060,50,52010,676404
67,20,680689,52487,50,52437,683595
67,21,728104,56152,50,56102,731118
67,22,692387,53554,50,53504,695315
67,23,766728,59690,50,59640,769999
67,24,720590,55733,50,55683,723516
67,25,653573,50623,50,50573,656274
68,1,631638,48958,50,48908,634233
68,2,711638,55483,50,55433,714574
68,3,564609,43735,50,43685,566898
68,4,566037,43622,50,43572,568417
68,5,668947,51869,50,51819,671630
68,6,762996,58778,50,58728,766224
68,7,521967,40494,50,40444,524166
68,8,715577,55445,50,55395,718515
68,9,725748,56603,50,56553,728781
68,10,775009,60266,50,60216,778175
68,11,702698,54547,50,54497,705639
68,12,823241,63618,50,63568,826654
68,13,875963,67324,50,67274,879537
68,14,593130,46313,50,46263,595635
68,15,711656,55551,50,55501,714589
68,16,657448,50911,50,50861,660226
68,17,530793,41069,50,41019,533004
68,18,692910,53086,50,53036,695807
68,19,557581,43232,50,43182,559916
68,20,621433,48083,50,48033,624041
68,21,714290,55320,50,55270,717278
68,22,603759,46934,50,46884,606264
68,23,536794,41119,50,41069,538967
68,24,555527,43204,50,43154,557863
68,25,645840,49883,50,49833,648553
69,1,617513,47966,50,47916,620018
69,2,530509,40900,50,40850,532730
69,3,654341,50506,50,50456,657080
69,4,640719,49509,50,49459,643410
69,5,666960,52009,50,51959,669677
69,6,649650,50907,50,50857,652432
69,7,643443,49904,50,49854,646083
69,8,508277,39051,50,39001,510375
69,9,639612,49590,50,49540,642219
69,10,673765,52304,50,52254,676547
69,11,716305,55059,50,55009,719275
69,12,541239,41686,50,41636,543494
69,13,532618,41285,50,41235,534888
69,14,582511,44910,50,44860,584915
69,15,664876,51708,50,51658,667607
69,16,669370,51929,50,51879,672118
69,17,677202,52789,50,52739,680011
69,18,664441,51713,50,51663,667172
69,19,665491,51951,50,51901,668227
69,20,695551,54121,50,54071,698357
69,21,768941,59332,50,59282,772095
69,22,660056,50990,50,50940,662798
69,23,452332,34975,50,34925,454310
69,24,712677,55073,50,55023,715634
69,25,721000,55781,50,55731,724051
70,1,666480,51434,50,51384,669197
70,2,610204,47023,50,46973,612727
70,3,683160,52995,50,52945,686015
70,4,635088,48872,50,48822,637712
70,5,661096,51279,50,51229,663840
70,6,591601,45987,50,45937,593989
70,7,760793,59335,50,59285,763937
70,8,746870,57666,50,57616,749991
70,9,751621,58229,50,58179,754742
70,10,676878,52396,50,52346,679753
70,11,685237,53505,50,53455,688112
70,12,618189,47783,50,47733,620739
70,13,708955,54755,50,54705,711843
70,14,658105,50946,50,50896,660811
70,15,673638,52184,50,52134,676520
70,16,680736,53194,50,53144,683538
70,17,539574,41966,50,41916,541818
70,18,571745,44352,50,44302,574143
70,19,610719,47490,50,47440,613230
70,20,624931,48796,50,48746,627469
70,21,651282,50869,50,50819,654010
70,22,642074,49719,50,49669,644718
70,23,814840,62960,50,62910,818199
70,24,689994,53475,50,53425,692838
70,25,619975,48315,50,48265,622531
71,1,625391,48542,50,48492,628024
71,2,742100,57879,50,57829,745216
71,3,529062,40697,50,40647,531308
71,4,718288,55524,50,55474,721205
71,5,648578,49936,50,49886,651233
71,6,667707,51836,50,51786,670522
71,7,521851,40229,50,40179,524005
71,8,706690,55136,50,55086,709652
71,9,717442,54900,50,54850,720454
71,10,728809,56257,50,56207,731755
71,11,619236,48638,50,48588,621850
71,12,721966,56090,50,56040,725006
71,13,726201,55818,50,55768,729163
71,14,749416,58063,50,58013,752506
71,15,590748,45529,50,45479,593156
71,16,646322,50199,50,50149,649045
71,17,663363,51479,50,51429,666128
71,18,637172,48919,50,48869,639839
71,19,703489,54631,50,54581,706439
71,20,598374,46385,50,46335,600872
71,21,540975,41865,50,41815,543174
71,22,531249,41082,50,41032,533448
71,23,617633,47862,50,47812,620209
71,24,678493,52838,50,52788,681375
71,25,746803,58284,50,58234,749836
72,1,608836,47285,50,47235,611337
72,2,726816,56279,50,56229,729820
72,3,815966,63498,50,63448,819367
72,4,611728,47340,50,47290,614195
72,5,617419,47793,50,47743,619970
72,6,732605,56670,50,56620,735711
72,7,627815,48653,50,48603,630390
72,8,494085,38252,50,38202,496125
72,9,694985,53808,50,53758,697870
72,10,457278,35573,50,35523,459172
72,11,566689,44065,50,44015,569049
72,12,553822,42712,50,42662,556025
72,13,673481,52287,50,52237,676275
72,14,522111,40498,50,40448,524202
72,15,590925,46003,50,45953,593373
72,16,628329,48836,50,48786,630943
72,17,699061,54137,50,54087,701970
72,18,879280,68286,50,68236,882986
72,19,627942,48406,50,48356,630522
72,20,652018,50391,50,50341,654646
72,21,725515,56398,50,56348,728493
72,22,809201,62424,50,62374,812516
72,23,588598,45804,50,45754,590942
72,24,573813,44267,50,44217,576175
72,25,644671,49517,50,49467,647330
73,1,553881,42962,50,42912,556144
73,2,689337,53332,50,53282,692143
73,3,663865,51422,50,51372,666586
73,4,612522,47272,50,47222,615112
73,5,684113,52846,50,52796,687006
73,6,587902,45680,50,45630,590245
73,7,581845,45145,50,45095,584255
73,8,607697,46842,50,46792,610249
73,9,810280,62818,50,62768,813683
73,10,570721,44148,50,44098,573064
73,11,858310,66135,50,66085,861885
73,12,543127,42469,50,42419,545429
73,13,515680,40314,50,40264,517858
73,14,615490,47481,50,47431,618119
73,15,562975,43626,50,43576,565394
73,16,570585,44316,50,44266,572909
73,17,703212,54382,50,54332,706116
73,18,517455,40207,50,40157,519542
73,19,645365,50490,50,50440,647974
73,20,805771,62588,50,62538,809021
73,21,612128,47641,50,47591,614617
73,22,609534,46922,50,46872,612054
73,23,576700,44757,50,44707,579062
73,24,806200,62453,50,62403,809459
73,25,777871,60191,50,60141,781128
74,1,617172,47400,50,47350,619760
74,2,583555,45239,50,45189,585943
74,3,942827,72970,50,72920,946837
74,4,749294,57956,50,57906,752383
74,5,635077,49130,50,49080,637716
74,6,547313,42460,50,42410,549633
74,7,588317,45362,50,45312,590793
74,8,510477,39417,50,39367,512621
74,9,674243,52337,50,52287,677036
74,10,656761,51229,50,51179,659491
74,11,505702,39244,50,39194,507849
74,12,583261,45229,50,45179,585754
74,13,507380,39265,50,39215,509415
74,14,597038,46194,50,46144,599630
74,15,819381,63127,50,63077,822775
74,16,531102,41168,50,41118,533333
74,17,564305,43911,50,43861,566646
74,18,602634,47099,50,47049,605120
74,19,523824,40659,50,40609,526013
74,20,635157,49346,50,49296,637842
74,21,626871,48599,50,48549,629481
74,22,666410,51944,50,51894,669163
74,23,758339,58818,50,58768,761510
74,24,599035,46392,50,46342,601506
74,25,606563,46938,50,46888,609146
75,1,724919,56367,50,56317,727965
75,2,633341,48938,50,48888,636015
75,3,862023,66456,50,66406,865608
75,4,678474,52243,50,52193,681283
75,5,609492,47255,50,47205,612008
75,6,766525,59453,50,59403,769640
75,7,515986,39723,50,39673,518126
75,8,522770,40462,50,40412,524914
75,9,483251,37369,50,37319,485256
75,10,529452,40929,50,40879,531655
75,11,758586,59090,50,59040,761730
75,12,773272,59710,50,59660,776492
75,13,744528,57685,50,57635,747667
75,14,714418,55431,50,55381,717362
75,15,713215,55075,50,55025,716232
75,16,638904,49200,50,49150,641560
75,17,536793,41673,50,41623,539036
75,18,488455,37752,50,37702,490451
75,19,582678,45195,50,45145,585149
75,20,640518,49806,50,49756,643239
75,21,576108,44717,50,44667,578521
75,22,580616,44991,50,44941,583037
75,23,630248,49440,50,49390,632848
75,24,771596,59911,50,59861,774809
75,25,742155,57549,50,57499,745282
76,1,683364,52948,50,52898,686186
76,2,686833,53310,50,53260,689699
76,3,530364,40894,50,40844,532554
76,4,711044,54886,50,54836,713953
76,5,646948,50208,50,50158,649601
76,6,576710,44859,50,44809,579029
76,7,579893,44490,50,44440,582363
76,8,706960,54685,50,54635,709914
76,9,629084,48623,50,48573,631708
76,10,508706,39509,50,39459,510771
76,11,737083,57069,50,57019,740228
76,12,769170,59800,50,59750,772349
76,13,609648,47606,50,47556,612160
76,14,762413,59517,50,59467,765481
76,15,762762,59045,50,58995,765902
76,16,683572,52966,50,52916,686407
76,17,722357,55666,50,55616,725399
76,18,505195,39519,50,39469,507285
76,19,704353,54530,50,54480,707228
76,20,693250,53436,50,53386,696101
76,21,569704,43708,50,43658,571968
76,22,757576,58528,50,58478,760790
76,23,712142,54867,50,54817,715048
76,24,667225,51774,50,51724,670050
76,25,581463,44931,50,44881,583851
77,1,639276,49619,50,49569,641861
77,2,543798,41986,50,41936,545993
77,3,806438,62117,50,62067,809713
77,4,526368,40696,50,40646,528515
77,5,716118,55405,50,55355,719074
77,6,695746,53793,50,53743,698611
77,7,639912,49835,50,49785,642655
77,8,564394,43567,50,43517,566653
77,9,751483,58294,50,58244,754578
77,10,711028,55000,50,54950,713967
77,11,606621,46673,50,46623,609167
77,12,580451,44794,50,44744,582814
77,13,587438,45941,50,45891,589923
77,14,482788,37419,50,37369,484855
77,15,708626,54748,50,54698,711650
77,16,579463,44888,50,44838,581870
77,17,654786,50539,50,50489,657471
77,18,617139,47784,50,47734,619719
77,19,702784,54156,50,54106,705798
77,20,545271,42318,50,42268,547545
77,21,596386,46175,50,46125,598828
77,22,492233,38078,50,38028,494279
77,23,587938,45419,50,45369,590326
77,24,549173,42313,50,42263,551488
77,25,569630,44053,50,44003,571960
78,1,678336,52278,50,52228,681202
78,2,791285,61516,50,61466,794494
78,3,667732,51604,50,51554,670554
78,4,633482,49085,50,49035,636148
78,5,668723,51604,50,51554,671400
78,6,690925,53643,50,53593,693709
78,7,590114,45536,50,45486,592618
78,8,674742,51999,50,51949,677539
78,9,430113,33419,50,33369,431948
78,10,625054,48396,50,48346,627609
78,11,650013,50409,50,50359,652786
78,12,580523,44929,50,44879,582783
78,13,559035,43317,50,43267,561385
78,14,592598,46034,50,45984,595046
78,15,685197,53237,50,53187,688065
78,16,573998,44535,50,44485,576277
78,17,670178,51813,50,51763,673007
78,18,797280,61868,50,61818,800633
78,19,704404,54320,50,54270,707315
78,20,614422,47671,50,47621,616960
78,21,751880,58171,50,58121,755023
78,22,625369,48544,50,48494,628034
78,23,576161,44392,50,44342,578555
78,24,544700,42353,50,42303,546924
78,25,721318,55900,50,55850,724386
79,1,661395,51205,50,51155,664142
79,2,718694,55715,50,55665,721644
79,3,731220,56541,50,56491,734258
79,4,695918,53995,50,53945,698808
79,5,795667,61467,50,61417,798931
79,6,624829,48319,50,48269,627392
79,7,560741,43545,50,43495,563058
79,8,603455,46984,50,46934,605929
79,9,737446,56813,50,56763,740574
79,10,634751,49282,50,49232,637360
79,11,636708,49440,50,49390,639364
79,12,470387,36265,50,36215,472340
79,13,662465,51232,50,51182,665242
79,14,516083,39945,50,39895,518252
79,15,601525,46557,50,46507,604120
79,16,676485,52287,50,52237,679436
79,17,565282,43559,50,43509,567529
79,18,557307,43183,50,43133,559570
79,19,622807,48427,50,48377,625461
79,20,594775,46046,50,45996,597274
79,21,729155,56195,50,56145,732170
79,22,573908,44533,50,44483,576349
79,23,470595,36364,50,36314,472699
79,24,631405,48663,50,48613,634172
79,25,603099,46671,50,46621,605633
80,1,615821,47799,50,47749,618382
80,2,832777,64415,50,64365,836269
80,3,771114,59490,50,59440,774274
80,4,639478,49595,50,49545,642090
80,5,404777,31380,50,31330,406495
80,6,806129,62617,50,62567,809582
80,7,711112,55244,50,55194,714077
80,8,587805,45601,50,45551,590261
80,9,584519,45538,50,45488,586973
80,10,612675,47909,50,47859,615269
80,11,591692,46137,50,46087,594125
80,12,523635,40266,50,40216,525758
80,13,673900,52200,50,52150,676715
80,14,582377,44987,50,44937,584723
80,15,746716,57920,50,57870,749843
80,16,606486,46863,50,46813,609003
80,17,618327,48094,50,48044,620878
80,18,559834,43446,50,43396,562128
80,19,581883,45175,50,45125,584299
80,20,830132,64492,50,64442,833551
80,21,668872,51613,50,51563,671625
80,22,752354,57888,50,57838,755390
80,23,612092,47721,50,47671,614594
80,24,633078,48883,50,48833,635661
80,25,652483,50356,50,50306,655177
