"country","foi_structure","inf_prev_age20","inf_prev_age30","inf_prev_age40","inf_prev_age60","ARTI","cases_per100k","conditions_met"
"South Africa","min",0.632120558828558,0.727468206965987,0.753403036058394,0.798103482005345,0.0375446635699073,87.7335728848123,TRUE
"India","min",0.632120558828558,0.727468206965987,0.753403036058394,0.798103482005345,0.0371765200440891,87.6771881249177,TRUE
"Kenya","min",0.632120558828558,0.727468206965987,0.753403036058394,0.798103482005345,0.0358932920618539,89.9897699044429,TRUE
"South Africa","base",0.753403036058394,0.877543571747018,0.939189937374782,0.985004423179522,0.0591266720462997,106.014459402416,TRUE
"India","base",0.753403036058394,0.877543571747018,0.939189937374782,0.985004423179522,0.0585313716677567,108.055536682722,TRUE
"Kenya","base",0.753403036058394,0.877543571747018,0.939189937374782,0.985004423179522,0.0548414397593202,110.489520037119,TRUE
"South Africa","max",0.864664716763387,0.950212931632136,0.981684361111266,0.997521247823334,0.0805617853976509,107.050157652456,TRUE
"India","max",0.864664716763387,0.950212931632136,0.981684361111266,0.997521247823334,0.0790637618918447,105.971674807507,TRUE
"Kenya","max",0.864664716763387,0.950212931632136,0.981684361111266,0.997521247823334,0.0746421271448149,109.19528885613,TRUE
"South Africa","uniform2",0.329679953964361,0.451188363905974,0.550671035882778,0.698805788087798,0.0186195930427979,75.2029790310248,TRUE
"India","uniform2",0.329679953964361,0.451188363905974,0.550671035882778,0.698805788087798,0.018403784084315,73.4238387349937,TRUE
"Kenya","uniform2",0.329679953964361,0.451188363905974,0.550671035882778,0.698805788087798,0.0171942374929594,70.2290405131237,TRUE
"South Africa","uniform1",0.181269246922018,0.259181779318282,0.329679953964361,0.451188363905974,0.00945078002642508,45.0738066992634,TRUE
"India","uniform1",0.181269246922018,0.259181779318282,0.329679953964361,0.451188363905974,0.00940777577895729,43.3457479643827,TRUE
"Kenya","uniform1",0.181269246922018,0.259181779318282,0.329679953964361,0.451188363905974,0.00877027293320343,45.0051326489147,TRUE
