"country","foi_structure","inf_prev_age20","inf_prev_age30","inf_prev_age40","inf_prev_age60","ARTI","cases_per100k"
"South Africa","min",0.632120558828558,0.727468206965987,0.753403036058394,0.798103482005345,0.0374352433567565,86.4929456633302
"India","min",0.632120558828558,0.727468206965987,0.753403036058394,0.798103482005345,0.0372406972264007,85.8715911160773
"Kenya","min",0.632120558828558,0.727468206965987,0.753403036058394,0.798103482005345,0.0364731698376412,89.3800473337479
"South Africa","base",0.753403036058394,0.877543571747018,0.939189937374782,0.985004423179522,0.0609148147871653,108.753890433135
"India","base",0.753403036058394,0.877543571747018,0.939189937374782,0.985004423179522,0.0597534180773042,108.491833110251
"Kenya","base",0.753403036058394,0.877543571747018,0.939189937374782,0.985004423179522,0.0573115628409459,109.405252368963
"South Africa","max",0.864664716763387,0.950212931632136,0.981684361111266,0.997521247823334,0.0829872440266941,104.33491307054
"India","max",0.864664716763387,0.950212931632136,0.981684361111266,0.997521247823334,0.0815929022405952,106.710024150314
"Kenya","max",0.864664716763387,0.950212931632136,0.981684361111266,0.997521247823334,0.0780054171907706,105.568258098205
"South Africa","uniform2",0.329679953964361,0.451188363905974,0.550671035882778,0.698805788087798,0.0187763116474273,75.2187956273675
"India","uniform2",0.329679953964361,0.451188363905974,0.550671035882778,0.698805788087798,0.018570751210064,73.8489377502387
"Kenya","uniform2",0.329679953964361,0.451188363905974,0.550671035882778,0.698805788087798,0.0176798427720643,75.3820820470772
"South Africa","uniform1",0.181269246922018,0.259181779318282,0.329679953964361,0.451188363905974,0.00956265700889491,48.2194429382825
"India","uniform1",0.181269246922018,0.259181779318282,0.329679953964361,0.451188363905974,0.00942935379431648,47.7525735397183
"Kenya","uniform1",0.181269246922018,0.259181779318282,0.329679953964361,0.451188363905974,0.00901434632110865,44.6326723810634
