country,site_no,N_D1,n_positive_D1,pct_positive,ci_lo_positive,ci_hi_positive,n_negative_D1,pct_negative,n_indeterminate_D1,pct_indeterminate
Bangladesh,2002,160,70,43.8,35.8,51.7,88,55,2,1.3
Brazil,1401,159,11,6.9,2.7,11.2,148,93.1,0,0
Brazil,1403,160,60,37.5,29.7,45.3,100,62.5,0,0
Democratic Republic of Congo,2301,155,53,34.2,26.4,42,94,60.6,8,5.2
Democratic Republic of Congo,2302,158,77,48.7,40.6,56.8,68,43,13,8.2
Democratic Republic of Congo,2303,158,79,50,41.9,58.1,75,47.5,4,2.5
The Gambia,1101,159,37,23.3,16.4,30.2,119,74.8,3,1.9
India,2101,160,3,1.9,0,4.3,152,95,5,3.1
Indonesia,2201,160,43,26.9,19.7,34.1,117,73.1,0,0
Indonesia,2202,160,59,36.9,29.1,44.7,100,62.5,1,0.6
Indonesia,2203,160,59,36.9,29.1,44.7,100,62.5,1,0.6
Kenya,1201,160,57,35.6,27.9,43.4,102,63.8,1,0.6
Kenya,1202,160,75,46.9,38.8,54.9,82,51.3,3,1.9
Kenya,1203,160,56,35,27.3,42.7,100,62.5,4,2.5
Kenya,1204,159,62,39,31.1,46.9,96,60.4,1,0.6
Mozambique,1601,160,21,13.1,7.6,18.7,137,85.6,2,1.3
Mozambique,1602,159,25,15.7,9.8,21.7,128,80.5,6,3.8
Peru,1701,156,33,21.2,14.4,27.9,119,76.3,4,2.6
Peru,1702,160,33,20.6,14,27.2,126,78.8,1,0.6
Philippines,1501,160,59,36.9,29.1,44.7,101,63.1,0,0
Philippines,1502,160,17,10.6,5.5,15.7,141,88.1,2,1.3
Philippines,1503,158,61,38.6,30.7,46.5,82,51.9,15,9.5
Philippines,1504,160,16,10,5,15,144,90,0,0
Philippines,1505,159,29,18.2,11.9,24.6,130,81.8,0,0
Philippines,1507,160,30,18.8,12.4,25.1,129,80.6,1,0.6
Philippines,1508,160,27,16.9,10.8,23,133,83.1,0,0
South Africa,1001,158,63,39.9,31.9,47.8,95,60.1,0,0
South Africa,1002,154,41,26.6,19.3,33.9,112,72.7,1,0.6
South Africa,1003,160,60,37.5,29.7,45.3,95,59.4,5,3.1
South Africa,1004,158,79,50,41.9,58.1,79,50,0,0
South Africa,1006,155,91,58.7,50.6,66.8,64,41.3,0,0
South Africa,1007,160,83,51.9,43.8,59.9,75,46.9,2,1.3
South Africa,1008,147,53,36.1,28,44.2,94,63.9,0,0
South Africa,1009,158,42,26.6,19.4,33.8,113,71.5,3,1.9
South Africa,1010,160,85,53.1,45.1,61.2,71,44.4,4,2.5
Uganda,1801,160,51,31.9,24.3,39.4,99,61.9,10,6.3
Uganda,1802,160,58,36.3,28.5,44,96,60,6,3.8
Vietnam,1901,154,16,10.4,5.2,15.5,134,87,4,2.6
Vietnam,1902,155,18,11.6,6.2,17,137,88.4,0,0
Vietnam,1903,160,7,4.4,0.9,7.9,150,93.8,3,1.9
Vietnam,1904,157,31,19.7,13.2,26.3,124,79,2,1.3
Zambia,1301,160,74,46.3,38.2,54.3,84,52.5,2,1.3
Zambia,1302,159,78,49.1,41,57.1,78,49.1,3,1.9
Zambia,1303,160,24,15,9.2,20.8,89,55.6,47,29.4
Zambia,1304,160,62,38.8,30.9,46.6,90,56.3,8,5
