country,site_no,age_group,n,n_positive,pct_positive,ci_lo_positive,ci_hi_positive,n_negative,pct_negative,n_indeterminate,pct_indeterminate
Bangladesh,2002,15-24,75,32,42.7,31.3,54.6,43,57.3,0,0
Bangladesh,2002,25-34,85,38,44.7,33.9,55.9,45,52.9,2,2.4
Brazil,1401,15-24,74,2,2.7,0.3,9.4,72,97.3,0,0
Brazil,1401,25-34,85,9,10.6,5.0,19.2,76,89.4,0,0
Brazil,1403,15-24,73,27,37.0,26.0,49.1,46,63.0,0,0
Brazil,1403,25-34,87,33,37.9,27.7,49.0,54,62.1,0,0
Democratic Republic of Congo,2301,15-24,93,29,31.2,22.0,41.6,60,64.5,4,4.3
Democratic Republic of Congo,2301,25-34,62,24,38.7,26.6,51.9,34,54.8,4,6.5
Democratic Republic of Congo,2302,15-24,119,58,48.7,39.3,58.1,54,45.4,7,5.9
Democratic Republic of Congo,2302,25-34,39,19,48.7,32.4,65.2,14,35.9,6,15.4
Democratic Republic of Congo,2303,15-24,79,32,40.5,29.6,52.1,44,55.7,3,3.8
Democratic Republic of Congo,2303,25-34,79,47,59.5,47.9,70.4,31,39.2,1,1.3
The Gambia,1101,15-24,95,16,16.8,9.9,25.9,79,83.2,0,0
The Gambia,1101,25-34,64,21,32.8,21.6,45.7,40,62.5,3,4.7
India,2101,15-24,71,0,0.0,0.0,5.1,69,97.2,2,2.8
India,2101,25-34,89,3,3.4,0.7,9.5,83,93.3,3,3.4
Indonesia,2201,15-24,119,24,20.2,12.5,27.8,95,79.8,0,0
Indonesia,2201,25-34,41,19,46.3,30.7,62.6,22,53.7,0,0
Indonesia,2202,15-24,90,31,34.4,24.7,45.2,58,64.4,1,1.1
Indonesia,2202,25-34,70,28,40.0,28.5,52.4,42,60.0,0,0
Indonesia,2203,15-24,90,29,32.2,22.8,42.9,60,66.7,1,1.1
Indonesia,2203,25-34,70,30,42.9,31.1,55.3,40,57.1,0,0
Kenya,1201,15-24,99,34,34.3,25.1,44.6,65,65.7,0,0
Kenya,1201,25-34,61,23,37.7,25.6,51.0,37,60.7,1,1.6
Kenya,1202,15-24,73,27,37.0,26.0,49.1,46,63.0,0,0
Kenya,1202,25-34,87,48,55.2,44.1,65.9,36,41.4,3,3.4
Kenya,1203,15-24,45,14,31.1,18.2,46.6,31,68.9,0,0
Kenya,1203,25-34,115,42,36.5,27.3,45.8,69,60.0,4,3.5
Kenya,1204,15-24,85,33,38.8,28.4,50.0,52,61.2,0,0
Kenya,1204,25-34,74,29,39.2,28.0,51.2,44,59.5,1,1.4
Mozambique,1601,15-24,114,15,13.2,6.5,19.8,98,86.0,1,0.9
Mozambique,1601,25-34,46,6,13.0,4.9,26.3,39,84.8,1,2.2
Mozambique,1602,15-24,114,18,15.8,8.7,22.9,91,79.8,5,4.4
Mozambique,1602,25-34,45,7,15.6,6.5,29.5,37,82.2,1,2.2
Peru,1701,15-24,100,15,15.0,7.5,22.5,82,82.0,3,3.0
Peru,1701,25-34,56,18,32.1,20.3,46.0,37,66.1,1,1.8
Peru,1702,15-24,60,12,20.0,10.8,32.3,48,80.0,0,0
Peru,1702,25-34,100,21,21.0,12.5,29.5,78,78.0,1,1.0
Philippines,1501,15-24,85,27,31.8,22.1,42.8,58,68.2,0,0
Philippines,1501,25-34,75,32,42.7,31.3,54.6,43,57.3,0,0
Philippines,1502,15-24,92,8,8.7,3.8,16.4,82,89.1,2,2.2
Philippines,1502,25-34,68,9,13.2,6.2,23.6,59,86.8,0,0
Philippines,1503,15-24,78,31,39.7,28.8,51.5,42,53.8,5,6.4
Philippines,1503,25-34,80,30,37.5,26.9,49.0,40,50.0,10,12.5
Philippines,1504,15-24,97,5,5.2,1.7,11.6,92,94.8,0,0
Philippines,1504,25-34,63,11,17.5,9.1,29.1,52,82.5,0,0
Philippines,1505,15-24,88,13,14.8,8.1,23.9,75,85.2,0,0
Philippines,1505,25-34,71,16,22.5,13.5,34.0,55,77.5,0,0
Philippines,1507,15-24,81,11,13.6,7.0,23.0,70,86.4,0,0
Philippines,1507,25-34,79,19,24.1,15.1,35.0,59,74.7,1,1.3
Philippines,1508,15-24,83,13,15.7,8.6,25.3,70,84.3,0,0
Philippines,1508,25-34,77,14,18.2,10.3,28.6,63,81.8,0,0
South Africa,1001,15-24,75,25,33.3,22.9,45.2,50,66.7,0,0
South Africa,1001,25-34,83,38,45.8,34.8,57.1,45,54.2,0,0
South Africa,1002,15-24,72,12,16.7,8.9,27.3,60,83.3,0,0
South Africa,1002,25-34,82,29,35.4,25.1,46.7,52,63.4,1,1.2
South Africa,1003,15-24,80,23,28.8,19.2,40.0,54,67.5,3,3.8
South Africa,1003,25-34,80,37,46.3,35.0,57.8,41,51.3,2,2.5
South Africa,1004,15-24,97,46,47.4,37.2,57.8,51,52.6,0,0
South Africa,1004,25-34,61,33,54.1,40.8,66.9,28,45.9,0,0
South Africa,1006,15-24,64,37,57.8,44.8,70.1,27,42.2,0,0
South Africa,1006,25-34,91,54,59.3,48.5,69.5,37,40.7,0,0
South Africa,1007,15-24,94,41,43.6,33.4,54.2,52,55.3,1,1.1
South Africa,1007,25-34,66,42,63.6,50.9,75.1,23,34.8,1,1.5
South Africa,1008,15-24,84,24,28.6,19.2,39.5,60,71.4,0,0
South Africa,1008,25-34,63,29,46.0,33.4,59.1,34,54.0,0,0
South Africa,1009,15-24,88,21,23.9,15.4,34.1,66,75.0,1,1.1
South Africa,1009,25-34,70,21,30.0,19.6,42.1,47,67.1,2,2.9
South Africa,1010,15-24,72,28,38.9,27.6,51.1,41,56.9,3,4.2
South Africa,1010,25-34,88,57,64.8,53.9,74.7,30,34.1,1,1.1
Uganda,1801,15-24,84,23,27.4,18.2,38.2,56,66.7,5,6.0
Uganda,1801,25-34,76,28,36.8,26.1,48.7,43,56.6,5,6.6
Uganda,1802,15-24,89,27,30.3,21.0,41.0,60,67.4,2,2.2
Uganda,1802,25-34,71,31,43.7,31.9,56.0,36,50.7,4,5.6
Vietnam,1901,15-24,79,7,9.0,3.6,17.4,70,88.6,2,2.5
Vietnam,1901,25-34,75,9,12.0,5.6,21.6,64,85.3,2,2.7
Vietnam,1902,15-24,111,10,9.0,3.2,14.8,101,91.0,0,0
Vietnam,1902,25-34,44,8,18.2,8.2,32.7,36,81.8,0,0
Vietnam,1903,15-24,111,4,3.6,0.0,7.5,104,93.7,3,2.7
Vietnam,1903,25-34,49,3,6.1,1.3,16.9,46,93.9,0,0
Vietnam,1904,15-24,86,17,19.8,12.0,29.8,68,79.1,1,1.2
Vietnam,1904,25-34,71,14,19.7,11.2,30.9,56,78.9,1,1.4
Zambia,1301,15-24,103,44,42.7,32.7,52.8,57,55.3,2,1.9
Zambia,1301,25-34,57,30,52.6,39.0,66.0,27,47.4,0,0
Zambia,1302,15-24,96,44,45.8,35.6,56.3,50,52.1,2,2.1
Zambia,1302,25-34,63,34,54.0,40.9,66.6,28,44.4,1,1.6
Zambia,1303,15-24,89,13,14.6,8.0,23.7,46,51.7,30,33.7
Zambia,1303,25-34,71,11,15.5,8.0,26.0,43,60.6,17,23.9
Zambia,1304,15-24,98,32,32.7,23.5,42.9,59,60.2,7,7.1
Zambia,1304,25-34,62,30,48.4,35.5,61.4,31,50.0,1,1.6
Bangladesh,country average,15-24,75,32,42.7,31.3,54.6,43,57.3,0,0.0
Bangladesh,country average,25-34,85,38,44.7,33.9,55.9,45,52.9,2,2.4
Brazil,country average,15-24,147,29,19.7,13.0,26.5,118,80.3,0,0.0
Brazil,country average,25-34,172,42,24.4,17.7,31.1,130,75.6,0,0.0
Democratic Republic of Congo,country average,15-24,291,119,40.9,35.1,46.7,158,54.3,14,4.8
Democratic Republic of Congo,country average,25-34,180,90,50.0,42.4,57.6,79,43.9,11,6.1
The Gambia,country average,15-24,95,16,16.8,9.9,25.9,79,83.2,0,0.0
The Gambia,country average,25-34,64,21,32.8,21.6,45.7,40,62.5,3,4.7
India,country average,15-24,71,0,0.0,0.0,5.1,69,97.2,2,2.8
India,country average,25-34,89,3,3.4,0.7,9.5,83,93.3,3,3.4
Indonesia,country average,15-24,299,84,28.1,22.8,33.4,213,71.2,2,0.7
Indonesia,country average,25-34,181,77,42.5,35.1,50.0,104,57.5,0,0.0
Kenya,country average,15-24,302,108,35.8,30.2,41.3,194,64.2,0,0.0
Kenya,country average,25-34,337,142,42.1,36.7,47.6,186,55.2,9,2.7
Mozambique,country average,15-24,228,33,14.5,9.7,19.3,189,82.9,6,2.6
Mozambique,country average,25-34,91,13,14.3,7.8,23.2,76,83.5,2,2.2
Peru,country average,15-24,160,27,16.9,10.8,23.0,130,81.2,3,1.9
Peru,country average,25-34,156,39,25.0,17.9,32.1,115,73.7,2,1.3
Philippines,country average,15-24,604,108,17.9,14.7,21.0,489,81.0,7,1.2
Philippines,country average,25-34,513,131,25.5,21.7,29.4,371,72.3,11,2.1
South Africa,country average,15-24,726,257,35.4,31.9,38.9,461,63.5,8,1.1
South Africa,country average,25-34,684,340,49.7,45.9,53.5,337,49.3,7,1.0
Uganda,country average,15-24,173,50,28.9,21.9,35.9,116,67.1,7,4.0
Uganda,country average,25-34,147,59,40.1,31.9,48.4,79,53.7,9,6.1
Vietnam,country average,15-24,387,38,9.8,6.7,12.9,343,88.6,6,1.6
Vietnam,country average,25-34,239,34,14.2,9.6,18.9,202,84.5,3,1.3
Zambia,country average,15-24,386,133,34.5,29.6,39.3,212,54.9,41,10.6
Zambia,country average,25-34,253,105,41.5,35.2,47.8,129,51.0,19,7.5
