country,site_number,N_M12,reversion_n,reversion_pct,reversion_ci_lower,reversion_ci_upper,conversion_n,conversion_pct,conversion_ci_lower,conversion_ci_upper
Bangladesh,2002,144,13,9,4,14.1,24,16.7,10.2,23.1
Brazil,1401,120,4,3.3,0,7,4,3.3,0,7
Brazil,1403,157,0,0,0,0,15,9.6,4.6,14.5
Democratic Republic of Congo,2301,100,5,5,0.2,9.8,14,14,6.7,21.3
Democratic Republic of Congo,2302,108,6,5.6,0.8,10.3,13,12,5.4,18.6
Democratic Republic of Congo,2303,126,6,4.8,0.6,8.9,12,9.5,4,15
The Gambia,1101,124,7,5.6,1.2,10.1,8,6.5,1.7,11.2
India,2101,130,1,0.8,0,2.7,2,1.5,0,4
Indonesia,2201,160,2,1.3,0,3.3,19,11.9,6.5,17.2
Indonesia,2202,152,8,5.3,1.4,9.1,8,5.3,1.4,9.1
Indonesia,2203,152,3,2,0,4.5,16,10.5,5.3,15.7
Kenya,1201,151,18,11.9,6.4,17.4,7,4.6,1,8.3
Kenya,1202,126,7,5.6,1.2,10,7,5.6,1.2,10
Kenya,1203,130,5,3.8,0.2,7.5,6,4.6,0.6,8.6
Kenya,1204,132,4,3,0,6.3,4,3,0,6.3
Mozambique,1601,139,3,2.2,0,4.9,3,2.2,0,4.9
Mozambique,1602,110,7,6.4,1.3,11.4,3,2.7,0,6.2
Peru,1701,127,3,2.4,0,5.4,6,4.7,0.6,8.8
Peru,1702,143,9,6.3,2,10.6,3,2.1,0,4.8
Philippines,1501,158,14,8.9,4.1,13.6,18,11.4,6.1,16.7
Philippines,1502,152,2,1.3,0,3.5,28,18.4,11.9,24.9
Philippines,1503,131,14,10.7,5,16.4,16,12.2,6.2,18.2
Philippines,1504,153,4,2.6,0,5.5,10,6.5,2.3,10.8
Philippines,1505,154,10,6.5,2.3,10.7,13,8.4,3.7,13.2
Philippines,1507,158,0,0,0,0,51,32.3,24.7,39.9
Philippines,1508,155,8,5.2,1.4,9,11,7.1,2.7,11.5
South Africa,1001,149,4,2.7,0,5.6,7,4.7,1,8.4
South Africa,1002,144,5,3.5,0.1,6.8,4,2.8,0,5.8
South Africa,1003,134,7,5.2,1.1,9.4,7,5.2,1.1,9.4
South Africa,1004,148,3,2,0,4.6,7,4.7,1,8.5
South Africa,1006,145,3,2.1,0,4.7,7,4.8,1,8.7
South Africa,1007,142,10,7,2.5,11.6,6,4.2,0.6,7.9
South Africa,1008,133,3,2.3,0,5.2,5,3.8,0.2,7.4
South Africa,1009,141,1,0.7,0,2.4,7,5,1,8.9
South Africa,1010,152,5,3.3,0.1,6.5,8,5.3,1.4,9.1
Uganda,1801,136,2,1.5,0,3.9,7,5.1,1.1,9.2
Uganda,1802,137,8,5.8,1.5,10.1,9,6.6,2.1,11.1
Vietnam,1901,141,3,2.1,0,4.9,21,14.9,8.7,21.1
Vietnam,1902,154,5,3.2,0.1,6.4,3,1.9,0,4.5
Vietnam,1903,150,0,0,0,0,6,4,0.5,7.5
Vietnam,1904,149,6,4,0.5,7.5,8,5.4,1.4,9.3
Zambia,1301,114,8,7,1.9,12.1,4,3.5,0,7.3
Zambia,1302,123,4,3.3,0,6.8,10,8.1,2.9,13.4
Zambia,1303,98,3,3.1,0,7,30,30.6,21,40.2
Zambia,1304,117,7,6,1.3,10.7,9,7.7,2.4,12.9
