country,age_group,prev,prev_lo,prev_hi,denom
Ethiopia,15-24,292,194,390,100000
Ethiopia,25-34,216,129,303,100000
Ethiopia,35-44,259,135,382,100000
Ethiopia,45-54,337,161,513,100000
Ethiopia,55-64,367,153,582,100000
Ethiopia,65+,227,33,421,100000
Ghana,15-24,185,104,265,100000
Ghana,25-34,228,130,326,100000
Ghana,35-44,295,174,416,100000
Ghana,45-54,470,294,645,100000
Ghana,55-64,607,362,854,100000
Ghana,65+,908,597,1219,100000
Gambia,15-34,133,76,190,100000
Gambia,35-54,355,219,490,100000
Gambia,55+,329,99,558,100000
Kenya,15-24,360,242,478,100000
Kenya,25-34,716,526,906,100000
Kenya,35-44,602,422,782,100000
Kenya,45-54,607,432,781,100000
Kenya,55-64,587,372,803,100000
Kenya,65+,576,368,783,100000
Lesotho,15-24,142,26,258,100000
Lesotho,25-34,331,147,516,100000
Lesotho,35-44,892,516,1268,100000
Lesotho,45-54,593,267,920,100000
Lesotho,55-64,1211,795,1626,100000
Lesotho,65+,1661,1143,2178,100000
Mozambique,15-24,94,39,150,100000
Mozambique,25-34,349,163,534,100000
Mozambique,35-44,430,223,638,100000
Mozambique,45-54,525,262,788,100000
Mozambique,55-64,309,19,600,100000
Mozambique,65+,1141,637,1646,100000
Malawi,15-24,120,36,205,100000
Malawi,25-34,315,156,474,100000
Malawi,35-44,902,468,1336,100000
Malawi,45-54,309,131,487,100000
Malawi,55-64,800,310,1290,100000
Malawi,65+,1564,888,2241,100000
Namibia,15-24,191,53,329,100000
Namibia,25-34,422,163,681,100000
Namibia,35-44,626,311,941,100000
Namibia,45-54,879,440,1318,100000
Namibia,55-64,706,312,1100,100000
Namibia,65+,623,272,974,100000
Nigeria,15-24,274,130,419,100000
Nigeria,25-34,496,312,680,100000
Nigeria,35-44,613,316,911,100000
Nigeria,45-54,750,420,1079,100000
Nigeria,55-64,599,262,936,100000
Nigeria,65+,660,318,1003,100000
Rwanda,15-34,86,46,125,100000
Rwanda,35-54,114,35,193,100000
Rwanda,55+,262,104,421,100000
Sudan,15-24,49,21,112,100000
Sudan,25-34,250,154,408,100000
Sudan,35-44,249,154,403,100000
Sudan,45-54,227,132,391,100000
Sudan,55-64,256,134,487,100000
Sudan,65+,283,163,490,100000
Eswatini,15-24,163,48,278,100000
Eswatini,25-34,336,164,509,100000
Eswatini,35-44,419,149,688,100000
Eswatini,45-54,703,245,1161,100000
Eswatini,55-64,305,63,548,100000
Eswatini,65+,608,255,961,100000
United Republic of Tanzania,15-24,51,13,88,100000
United Republic of Tanzania,25-34,280,178,381,100000
United Republic of Tanzania,35-44,316,199,433,100000
United Republic of Tanzania,45-54,241,123,359,100000
United Republic of Tanzania,55-64,462,264,660,100000
United Republic of Tanzania,65+,662,436,888,100000
Uganda,15-24,228,117,338,100000
Uganda,25-34,442,291,592,100000
Uganda,35-44,624,379,869,100000
Uganda,45-54,565,280,850,100000
Uganda,55-64,636,277,995,100000
Uganda,65+,570,261,879,100000
South Africa,15-24,432,232,632,100000
South Africa,25-34,902,583,1221,100000
South Africa,35-44,1107,703,1511,100000
South Africa,45-54,1063,682,1443,100000
South Africa,55-64,845,505,1186,100000
South Africa,65+,1104,680,1528,100000
Zambia,15-24,285,157,412,100000
Zambia,25-34,664,337,891,100000
Zambia,35-44,947,660,1237,100000
Zambia,45-54,926,611,1240,100000
Zambia,55-64,708,401,1013,100000
Zambia,65+,876,535,1218,100000
Zimbabwe,15-24,129,68,245,100000
Zimbabwe,25-34,373,255,546,100000
Zimbabwe,35-44,546,371,804,100000
Zimbabwe,45-54,310,168,570,100000
Zimbabwe,55-64,490,276,869,100000
Zimbabwe,65+,547,310,962,100000
Bangladesh,15-24,103,65,152,100000
Bangladesh,25-34,183,122,244,100000
Bangladesh,35-44,302,215,389,100000
Bangladesh,45-54,338,235,441,100000
Bangladesh,55-64,462,317,607,100000
Bangladesh,65+,954,715,1194,100000
China,15-24,45,16,75,100000
China,25-34,69,38,100,100000
China,35-44,79,55,104,100000
China,45-54,103,71,135,100000
China,55-64,200,151,249,100000
China,65+,369,303,435,100000
Indonesia,15-24,361,254,495,100000
Indonesia,25-34,753,562,995,100000
Indonesia,35-44,714,527,941,100000
Indonesia,45-54,836,609,1108,100000
Indonesia,55-64,1030,734,1399,100000
Indonesia,65+,1582,1123,2154,100000
India,15-24,172,138,206,100000
India,25-34,272,221,323,100000
India,35-44,243,200,286,100000
India,45-54,364,304,423,100000
India,55-64,488,411,565,100000
India,65+,697,583,811,100000
Cambodia,15-24,139,61,315,100000
Cambodia,25-34,242,134,438,100000
Cambodia,35-44,312,209,466,100000
Cambodia,45-54,693,504,950,100000
Cambodia,55-64,1319,1046,1662,100000
Cambodia,65+,1102,828,1466,100000
Lao People's Democratic Republic,15-24,145,41,249,100000
Lao People's Democratic Republic,25-34,292,120,464,100000
Lao People's Democratic Republic,35-44,484,307,661,100000
Lao People's Democratic Republic,45-54,714,461,968,100000
Lao People's Democratic Republic,55-64,1131,704,1557,100000
Lao People's Democratic Republic,65+,2410,1665,3156,100000
Myanmar,15-24,156,87,225,100000
Myanmar,25-34,288,177,399,100000
Myanmar,35-44,507,378,636,100000
Myanmar,45-54,528,373,683,100000
Myanmar,55-64,872,632,1111,100000
Myanmar,65+,1091,768,1413,100000
Mongolia,15-24,555,362,748,100000
Mongolia,25-34,634,431,837,100000
Mongolia,35-44,472,289,655,100000
Mongolia,45-54,527,344,711,100000
Mongolia,55-64,562,372,752,100000
Mongolia,65+,639,377,900,100000
Nepal,15-24,144,82,206,100000
Nepal,25-34,148,74,223,100000
Nepal,35-44,276,161,391,100000
Nepal,45-54,488,292,682,100000
Nepal,55-64,813,521,1106,100000
Nepal,65+,1427,1086,1769,100000
Pakistan,15-24,242,168,315,100000
Pakistan,25-34,228,149,307,100000
Pakistan,35-44,398,275,521,100000
Pakistan,45-54,517,362,671,100000
Pakistan,55-64,587,377,797,100000
Pakistan,65+,1369,1028,1710,100000
Philippines,15-24,799,586,1011,100000
Philippines,25-34,900,677,1123,100000
Philippines,35-44,1126,821,1430,100000
Philippines,45-54,1714,1364,2064,100000
Philippines,55-64,1504,1104,1903,100000
Philippines,65+,1659,1261,2058,100000
Democratic People's Republic of Korea,15-24,155,70,240,100000
Democratic People's Republic of Korea,25-34,579,410,748,100000
Democratic People's Republic of Korea,35-44,764,611,916,100000
Democratic People's Republic of Korea,45-54,877,705,1049,100000
Democratic People's Republic of Korea,55-64,595,410,781,100000
Democratic People's Republic of Korea,65+,444,264,624,100000
Thailand,15-24,218,86,555,100000
Thailand,25-34,186,91,380,100000
Thailand,35-44,134,69,259,100000
Thailand,45-54,265,146,482,100000
Thailand,55-64,295,187,463,100000
Thailand,65+,465,290,743,100000
Viet Nam,15-24,63,18,226,100000
Viet Nam,25-34,203,114,360,100000
Viet Nam,35-44,287,180,454,100000
Viet Nam,45-54,423,300,597,100000
Viet Nam,55-64,618,463,823,100000
Viet Nam,65+,689,511,930,100000
