x, y
5.1574212929566094, 0.1847826763001586
7.4137923579819045, 0.24094206429008283
9.880060081654884, 0.3188406638401974
12.031485219414645, 0.39673918046211737
13.973016100585026, 0.47463769708403736
15.074965151281287, 0.5181159543480289
16.4392814221997, 0.5724637759280183
17.96101898607472, 0.6141304667820751
19.535231915640814, 0.6594202904560015
21.109444845206898, 0.6920289834039951
22.893554433420675, 0.7264493256901181
24.415291997295697, 0.7427536721641149
25.98950492686179, 0.7572463692999825
27.56371785642788, 0.7626811514579813
29.925037250777017, 0.7663043672060454
31.709146838990783, 0.7644928007961107
31.709146838990783, 0.7644928007961107
33.5982023544701, 0.7536232364801129
35.43478250425834, 0.7391304564160508
37.69115597134194, 0.7192028941939899
39.89505407273447, 0.6938406327421245