"foi_structure","cases_med","cases_lo10","cases_hi90","ARTI_med","inf_prev_15to24_med","inf_prev_25to34_med","conditions_met_100reps"
"3_6_6_3_4",231.884247616385,196.401512281129,293.000892250899,0.039735899856255,0.588393413272332,0.743059826306088,FALSE
"3_6_6_4_4",229.521077838947,191.428318757892,280.881129056134,0.0401096961949708,0.591728712810614,0.743046630416873,FALSE
"3_6_6_7_6",232.239739006609,192.289896287374,282.075008323248,0.0406855301044784,0.590039908779932,0.745968864216788,FALSE
"3_6_7_4_3",230.731753674785,196.894630776046,275.688470220796,0.0406483238586295,0.589021301551292,0.752109099237464,FALSE
"3_6_7_6_5",229.442275355797,193.508543128732,284.287984261758,0.0411982998335194,0.590957398171699,0.752758800236829,FALSE
"3_6_7_6_7",231.610372954433,193.009088386186,290.068531253426,0.0411426951360571,0.590392572702107,0.753269348000484,FALSE
"3_6_7_7_7",240.032745257774,205.270213069355,298.452279930421,0.0412865792912192,0.590387911233398,0.753330032670963,FALSE
"3_7_3_6_5",230.250968689062,192.843927968831,266.450180978405,0.0420279618545643,0.633152433152433,0.756461762787307,FALSE
"4_6_4_5_6",227.051216976583,198.066636418756,292.917048799729,0.0398623115303653,0.606791990977037,0.738484942632623,FALSE
"4_6_4_6_3",232.986212375243,191.042052158457,282.44356439655,0.040129591700399,0.605865074161185,0.735940947103791,FALSE
"4_6_4_7_5",230.251478447654,198.316555483618,272.233334922452,0.0403302676081562,0.605939366111297,0.737686706499746,FALSE
"4_6_5_3_3",233.475782178703,190.439255432982,281.967682571874,0.0401302887888925,0.606667696169163,0.745121540342036,FALSE
"4_6_5_4_6",229.489474223926,199.559757271531,288.870852545174,0.0403679072291472,0.606095611628143,0.746886438621298,FALSE
"4_6_5_5_5",235.573142797114,199.871470998944,283.540116723602,0.040674714105196,0.608920837392849,0.745553605091808,FALSE
"4_6_5_5_6",239.037252772229,200.095844972403,277.760016544054,0.0406389445585394,0.607187240570119,0.747449137105986,FALSE
"4_6_5_6_4",230.170804283289,197.192875437186,288.446641180931,0.0409157253893306,0.607359413879756,0.747387753903179,FALSE
"4_6_5_6_5",235.006654943109,202.842593532323,298.715182048704,0.0409119248787272,0.606957305203346,0.743793659639842,FALSE
"4_6_5_7_5",236.894720100714,194.279699112496,281.325293356675,0.0410463435444938,0.605778951814534,0.744655279656258,FALSE
"4_6_6_4_6",243.293018254296,195.117454387709,275.824450618149,0.0410855683121811,0.605442957849595,0.753106412216681,FALSE
"5_6_3_4_7",223.458815172677,194.341429962129,270.892607199983,0.0398912189575895,0.622985962590798,0.737646531463918,FALSE
"5_6_3_6_4",229.600145668783,195.967782815458,282.337588006923,0.040423752549589,0.621874721023657,0.739175727996081,FALSE
"5_6_3_6_5",228.828622526906,194.788247852639,286.457486949742,0.0404100474722545,0.623142221816844,0.739012423642568,FALSE
"5_6_3_6_7",227.119633556267,190.549737603179,267.051220424077,0.0404287122393966,0.621846669294442,0.738089562823234,FALSE
"5_6_3_7_3",231.578978258489,198.422211784874,272.357590354034,0.0406924960471445,0.624130241056882,0.736856039665538,FALSE
"5_6_3_7_4",232.506835671778,187.306455513878,283.159627059687,0.0406600278403629,0.622444625780679,0.739330065344525,FALSE
"5_6_3_7_6",225.179589964137,196.705948734295,280.334006964069,0.0406835083938901,0.621199630268056,0.740689635245428,FALSE
"5_6_3_7_7",230.251082945102,190.045028338849,282.105193565267,0.0406241269037167,0.620605890321416,0.739298182255929,FALSE
"5_6_4_3_6",227.082658458957,182.79092791189,270.699076832536,0.0403801384207088,0.622315914800864,0.747971496220745,FALSE
"5_6_4_4_6",228.154749599085,191.664399684801,268.80796621978,0.0407315746893965,0.621461408370979,0.747383243893753,FALSE
"5_6_4_5_4",232.094833800416,202.675137589859,276.020491247284,0.0409343035803387,0.620619475331517,0.747938989384079,FALSE
"5_6_4_5_6",240.050906419845,191.795923959065,282.366686443135,0.0408773745720693,0.621805565828149,0.744543149900293,FALSE
"5_6_4_7_5",237.993240991956,202.037346986893,291.396599853589,0.0415845725993506,0.625524469118159,0.746504942952707,FALSE
"5_6_4_7_7",228.310506567408,191.218495147442,267.745081922069,0.0413845656151229,0.621516515988321,0.745522809134408,FALSE
"5_6_5_3_5",226.665360620427,188.831841194962,278.155900562291,0.0411166077780442,0.621257539913464,0.752641409774759,FALSE
"5_6_5_4_3",230.361883458627,193.826284432409,282.944587775251,0.0415034344956244,0.622133761523746,0.754470881321672,FALSE
"6_5_5_7_5",236.407004657057,195.915018361852,279.779528787774,0.0395249687340859,0.593719579211807,0.726314070039406,FALSE
"6_5_6_7_4",228.78232374693,186.871192006385,278.871450218294,0.0403052144493594,0.592782714116907,0.733291504985529,FALSE
"6_5_6_7_5",235.371726946061,205.00092583325,278.163332092037,0.0401497068126559,0.592563643783156,0.734840791561982,FALSE
"6_5_7_6_3",236.424682223025,194.247930525754,274.506725525765,0.0404228147033622,0.590583401562054,0.739695592442896,FALSE
"6_5_7_6_6",235.042881652909,192.769616705004,277.391617537521,0.0407275783727982,0.593908365331585,0.741822359773078,FALSE
"6_5_7_6_7",230.808649177757,193.923789673778,291.994332559333,0.0407724237485695,0.593479294737108,0.74132761623549,FALSE
"6_5_7_7_3",231.048586793649,202.844039671521,274.861587313273,0.0410547362553715,0.593099332325523,0.741154494034741,FALSE
"6_5_7_7_7",234.910366249795,198.034065817709,284.012052624139,0.0409030031007253,0.594654590906869,0.742430584410823,FALSE
"6_6_3_4_3",226.896522249463,201.196791223474,264.333355418627,0.0409987957555884,0.637188686431827,0.747576568301094,FALSE
"6_6_3_5_3",225.698021676839,196.341744505716,265.9687865903,0.0414677408578984,0.639108603421922,0.748585346960329,FALSE
"6_6_3_5_4",224.774619110844,189.435208971218,276.189840968583,0.0412410774985764,0.635811324621533,0.749453849704394,FALSE
"6_6_3_5_7",233.171044590035,192.486861461931,284.355924796688,0.0412544881844961,0.638225259193001,0.747385473928622,FALSE
"6_6_3_7_6",229.69498253723,190.305929343931,283.087873595817,0.0416994826033301,0.635533581981669,0.747104515220206,FALSE
"6_6_3_7_7",226.942780382799,190.408861585486,269.668954294776,0.0417717811170941,0.63802310116727,0.749033052709524,FALSE
"7_5_5_4_3",227.812569120688,196.747372685576,274.028400415616,0.0398333921716481,0.607304666226347,0.736481772243871,FALSE
"7_5_5_7_4",235.990595795642,195.763084379057,285.681712030775,0.0406681044667572,0.609937947922077,0.734772323252399,FALSE
"7_5_5_7_5",227.252135593733,191.353324967084,272.101736543321,0.0408044280456916,0.610385956165894,0.739586068782381,FALSE
"7_5_5_7_6",229.477502759275,189.138356882002,283.727160770841,0.0406371908792968,0.607837891399128,0.736277801061453,FALSE
"7_5_6_4_5",231.646926324101,204.778298999426,278.130254711051,0.0407171998551598,0.611428231403835,0.744586830371779,FALSE
"7_5_6_5_3",235.739387552939,197.275049085809,273.906888181278,0.0408822187700665,0.610859302913133,0.74132339601259,FALSE
"7_5_6_5_4",228.954362172682,188.222553728381,280.659721164459,0.0409007582412618,0.6119760294005,0.743782803803523,FALSE
"7_5_6_6_4",231.160963393484,198.091987128765,272.768153495184,0.0411225749524926,0.60912161482707,0.744048347954201,FALSE
"7_5_7_3_4",233.968105373283,197.61141888507,276.868125794506,0.0410059316276869,0.610380632101774,0.748982751266574,FALSE
"7_5_7_4_5",229.631688236479,192.485138318156,283.273424023857,0.0414414037659916,0.610675079589573,0.752147645958812,FALSE
"7_5_7_5_5",233.279707570785,196.283275432199,284.49197527836,0.0415236513437139,0.609826857793992,0.752619045064385,FALSE
"7_5_7_7_7",234.643685684572,198.533620654678,280.922087879071,0.0421482921262742,0.611420326531484,0.749635721694308,FALSE
"7_6_3_6_3",225.076366845919,195.868736850919,273.785325237539,0.0426072703031628,0.651690403885215,0.758120046771469,FALSE
